Titel,Link,Genre,Jahr,Land,Aufnahmeleitung,Bauausführung,Bauten,Choreografie,Darsteller,Dialoge,Dramaturgie,Dreharbeiten,Drehbuch,Erstverleih,Garderobe,Herstellungsleitung,Idee,Kamera,Kamera-Assistenz,Kostüme,KünstlerischeOberleitung,Liedtexte,Maske,Musik,Musik-Ausführung,MusikalischeLeitung,MusikalischeVorlage,Produktionsfirma,Produktionsleitung,Produzent,Regie,Regie-Assistenz,Requisite,Schnitt,Script,Standfotos,Supervision,Ton,Vorlage,im Auftrag von,Länge,Format,Bild/Ton,Aufführung,Prüfung/Zensur
Die Andere,https://www.filmportal.de/film/die-andere_d6e74885e0104eadbfadd53a3069b580,Spielfilm,1924,Deutschland,Eduard Kubat,,Hans Jacoby,,"Fritz Alberti: Großindustrieller Mills, Xenia Desni: Georgette Cressin, Didier Aslan: Herzog von Soria, Elsie Fuller: Schauspielerin Blanche Terbrooch, Hugo Werner-Kahle: Jan Terbrooch, Hildegard Imhoff, Lina Paulsen, Franz Schönfeld, Gustav Adolf Semler",,,,"Iwan Smith, Fanny Carlsen",,,,,Carl Hoffmann,,,,,,Giuseppe Becce (Bei der Uraufführung),,,,"Universum-Film AG (UFA) (Berlin), Dea-Film Gmb: H Albert Pommer (Berlin)",Albert Pommer,Albert Pommer,Gerhard Lamprecht,,,,,,,,,,,35mm,"s/w, stumm",,
Arabella. Der Roman eines Pferdes,https://www.filmportal.de/film/arabella-der-roman-eines-pferdes_c389489e731246478bdeaa22fe08f891,Spielfilm,1924,Deutschland,,,"Karl Görge, Karl Grune (Entwürfe)",,"Mae Marsh: Arabella, Tänzerin, Alfons Fryland: Herrenreiter, Fritz Rasp: Artist, Jakob Tiedtke: Der Protzige, Fritz Kampers: Der ungetreue Knecht, Jaro Fürth: Der Hartherzige, Hermann Picha: Der Gutherzige",,,,Hans Kyser,,,,,"Karl Hasselmann, Karl Vass",,Ernö Metzner,,,,,,,,Stern-Film Gmb: H (Berlin),,,Karl Grune,,,,,,,,,,,"35mm, 1:1,33","s/w, stumm",,
Auf Befehl der Pompadour,https://www.filmportal.de/film/auf-befehl-der-pompadour_3f99efa101c84fa481c0bf92777210ac,Spielfilm,1924,Deutschland,,,Willi A. Herrmann,,"Alwin NeußAbel Fernay, Besitzer der Fernay-Automobilwerke, Lya Mara: Lucienne, seine Nichte, Frida Richard: Catherine Fernay, seine Mutter, Jakob Tiedtke: Cyrus Fernay, sein Bruder, Hans Albers: Herzog von Riverolles, Max Neumann: David Moulin, Buchhalter, Sophie Pagay: Melisse, eine alte Dienerin, George Vaultier: Ludwig XV., Hermann Böttcherihr Vater, Robert Leffler: Herr von Tournehem, ihr Onkel, Karl Geppert: Charles d‘Etioles, Alfons Fryland: Leutnant André de Rohan, Paul Biensfeldt: Binet, Friedrich Kühne, Karl Harbacher, Harry Berber, Ernst Behmer",,,,"René Ferry, Alfred Halm",,,,,"Georg Muschner, Eduardo Lamberti",,Jean-Pierre Aumont,,,,Willy Schmidt-Gentner (Kino-Musik),,,,Phoebus-Film AG (Berlin),,,Friedrich Zelnik,,,,,,,,,,,"35mm, 1:1,33","s/w, ohne Ton",,
Auf gefährlichen Spuren,https://www.filmportal.de/film/auf-gefaehrlichen-spuren_ea96459675da4adfa4aaf2e253cf9c3c,Spielfilm,1924,Deutschland,,,Kurt Richter,,"Harry Piel: Harry, Gustav Oberg: Der Fürst, Dary Holm: Dorothy, Henrik Galeen: Francis Margreit, Fred Immler: Thomas, Diener beim Fürsten, Esther Carena: Gitty, Hausmädchen beim Fürsten, Paul Meffert: Bluntzli, Haupt einer Schmugglerbande, Jenny Marba: Marianne, Harrys Mutter",,,,"Henrik Galeen, Adolf Lantz, Harry Piel",,,,,"Georg Muschner, Gotthardt Wolf",,,,,,,,,,Hape-Film Co. Gmb: H (Berlin),,"Harry Piel, Heinrich Nebenzahl",Harry Piel,,,,,,,,,,"7 Akte, 2380 m",,stumm,,"Zensur (DE): 15.02.1928, B.18206, Jugendverbot"
Der Aufstieg der kleinen Lilian,https://www.filmportal.de/film/der-aufstieg-der-kleinen-lilian_704c20858a4e40bfa1782bc3fa07cc8f,Spielfilm,1924,Deutschland,,,Julian Ballenstedt,,"Maria Zelenka: Lilian, Bruno Kastner: Fred, Georg Baselt: Freds Vater Konsul Russart, Toni Tetzlaff: Russarts Gattin Helene, Gerty King: Mary, Margarete Kupfer: Vorsteherin des Dorotheenstifts, Marija Leiko: Nana, Theodor Loos: Fedor Horny, Hermann Picha: Meister Adremeit, Eugen Rex: Adremeits Geselle, Fritz Kampers: Jean, Anna von Palen",,,,Jane Bess,,,,,Marius Holdt,,,,,,,,,,,,,Fred Sauer,,,,,,,,,,,,,,
Aus der Jugendzeit klingt ein Lied,https://www.filmportal.de/film/aus-der-jugendzeit-klingt-ein-lied_6091e54da72143c1bcfb0682c18ce0e9,Spielfilm,1924,Deutschland,,,Willy Reiber,,"Maria Minzenti: Anna Tjomsen, Jack Mylong-Münz: Jürg Asmussen, Ferdinand Martini: Schuster Asmussen, Toni Wittelsseine Frau, Waldemar Pottier: Klein-Jürgen, Loni Nest: Klein-Anne, Georg Heinrich Schnell: Graf Tessing, Claire Harten: Gräfin Tessing, André Pilotihr Sohn Axel, Patric Gehring: Klein-Axel, Lilian Gray: Elinor Wilzin, Ernst Schrumpfihr Vater",,,,Max Ferner,,,,,Franz Koch,,,,,,,,,,,,,Franz Osten,,,,,,,,,,"6 Akte, 2123 m, 78 min",35mm,,,
Ausgerechnet Schwiegermutter,https://www.filmportal.de/film/ausgerechnet-schwiegermutter_03ddd91fc2e54f8b949bff1db1ec8c89,Spielfilm,1924,Deutschland,,,,,,,,,,,,,,,,,,,,,,,,,,,,,,,,,,,,,,,,,
Die Bacchantin,https://www.filmportal.de/film/die-bacchantin_658424fd114647cdb872ee83544bd5f0,Spielfilm,1924,Deutschland,,,Franz Seemann,,"Olga Tschechowa, Charlotte Ander, Hans Mierendorff, Bruno Kastner, Rudolf Lettinger, Loo Hardy, Sylvia Torff, Paul Westermeier, Rudolf Klein-Rohden, Alfred Braun, Carl Jönsson",,,,"Max Jungk, Julius Urgiß",,,,,Heinrich Gärtner,,,,,,,,,,,,,William Karfiol,,,,,,,,,,,,,,
Barfüßele. Ein Schwarzwaldidyll,https://www.filmportal.de/film/barfuessele-ein-schwarzwaldidyll_36fe85fcaa34474ba7aa45ad6018929b,Spielfilm,1924,Deutschland,,,,Bruno Arno,"Mizzi Schütz: Die reiche Furchenbäuerin, Siegfried Arno: Theobald, ihr Neffe, Maria Zelenka: Barfüßele, ihr Mündel, Robert Leffler: Der Landfriedbauer, Sophie Pagay: Die Landfriedbäuerin, Albert Maurer: Johannes, ihr Sohn, Heinrich Lisson: Der Rodelbauer, Melitta Klefer: Rosel, seine Tochter",,,,Hans Felsing,,,,,Walter Weisse,,,,,,Georg Enders (Kino-Musik),,,,,,,Heinrich Lisson,,,,,,,,"Berthold Auerbach (Roman ""Barfüßele. Ein Schwarzwaldidyll"")",,,,,,
Der Berg des Schicksals,https://www.filmportal.de/film/der-berg-des-schicksals_19a558ec53e24aab8df84986d295b03b,Spielfilm,1924,Deutschland,Adolf Essek (Innenaufnahmen),,Leopold Blonder,,"Hannes Schneider: Bergsteiger, Erna Morena: Frau des Bergsteigers, Gustav Oberg: Freund des Bergsteigers, Werner Scharschmidt1. unbekannter Kletterer, H. von Hoeslin2. unbekannter Kletterer, Frida Richard: Mutter des Bersteigers, Hertha von Walther: Tochter des Bergesteigers Hella, Luis Trenker: Sohn des Bergsteigers, Arnold Ernst Fanck",,,,Arnold Fanck,,,,,"Arnold Fanck (Außenaufnahmen), Hans Schneeberger (Außenaufnahmen), Herbert Oettel (Außenaufnahmen), Eugen Hamm (Innenaufnahmen), Sepp Allgeier (Innenaufnahmen)",,,,,,,,,,Berg- und Sportfilm Gmb: H (Freiburg/Br.),,Arnold Fanck,Arnold Fanck,,,Arnold Fanck,,,,,,,"2432 m, 89 min",35mm,"s/w, stumm",,
Die Bestie von San Silos,https://www.filmportal.de/film/die-bestie-von-san-silos_17f48220ee4148b28f1254d91cde8ebf,Spielfilm,1924,Deutschland,,,Willy Reiber,,"Jack Mylong-Münz, Manfred Köpel, Claire Kronburger",,,,,,,,,Karl Attenberger,,,,,,,,,,,,,Joe Stöckel,,,,,,,,,,"7 Akte, 2353 m","35mm, 1:1.33","s/w, stumm",,
Das blonde Hannele,https://www.filmportal.de/film/das-blonde-hannele_0f08185c832c438a851a2ed16cb70fe3,Spielfilm,1924,Deutschland,,,,,"Maria Minzenti, Carl de Vogt: Walter Bergson, Helena Makowska: Gräfin Blanche Raven, Hans Brausewetter: Christoph, Karl Falkenberg: Clary, Sekretär, Ferdinand Martini: Lindenwirt, Georg Heinrich Schnell: Fürst",,,,,,,,,"Mutz Greenbaum, Karl Attenberger",,,,,,,,,,,,,Franz Seitz Sr.,,,,,,,,,,,,,,
Die Brigantin von New York,https://www.filmportal.de/film/die-brigantin-von-new-york_1ed08f2f27c04554a83a9eb255a67b5f,Spielfilm,1924,Deutschland,,,Gustav A. Knauer,,"Lotte Neumann, Karl Beckersachs, Elisabeth Pinajeff, Hilde Jennings, Erich Poremski, Albert Paulig, Kurt von Wolowski",,,,Richard Bars,,,,,Ewald Daub,,,,,,Tilmar Springefeld,,,,Dewesti-Film Gmb: H (Berlin),,,Hans Werckmeister,,,,,,,,,,"5 Akte, 1723 m",,"s/w, Stumm",,
Claire,https://www.filmportal.de/film/claire_d545dae39a8e4f36a41de570d4f95dc7,Spielfilm,1924,Deutschland,,,Willi A. Herrmann,,"Lya de Putti, Eduard von Winterstein, Theodor Loos, Erich Kaiser-Titz, Frida Richard, Maria Peterson, Eberhard Leithoff, Alfred Haase, Hanna Zimmermann",,,,Robert Liebmann,,,,,Julius Balting,,,,,,Felix Bartsch (Kino-Musik),,,,,,,Robert Dinesen,,,,,,,,,,,"35mm, 1:1,33","s/w, Ohne Ton",,
Der Club der Totgeweihten,https://www.filmportal.de/film/der-club-der-totgeweihten_350a574750284a97a225c254ddff828b,Spielfilm,1924,Deutschland,,,,,,,,,,,,,,,,,,,,,,,,,,,,,,,,,,,,,,,,,
Colibri,https://www.filmportal.de/film/colibri_65771ea0a28f498192b7864cbf41a5e5,Spielfilm,1924,Deutschland,,,Jacek Rotmil,,"Ossi Oswalda: Colibri, Victor Janson: Boddy, Bruno Kastner: Reginald, sein Neffe, Franz Egénieff: Percy F. Barrymore, Mara Markhoff: Magde, Paul Bildt: Stadnicky, Clown, Hans Junkermann: Tomaselli, Zirkusdirektor, Lydia Potechina: Arabella, seine Frau, Reinhold Hintze: Samson, Athlet, Hans Lipschütz: Marcus, M. O. Schiller: Löw, Hugo Döblin: Samuel, Althändler, Wilhelm Chandron: Wilcox, Laboratoriumsgehilfe, Erich Walter: Karmanoff, ein Russe, Tschunka Tschen: Dr. Yokito, ein Japaner",,,,Franz Rauch,,,,,"Willibald Gaebel, Marius Holdt",,,,,,,,,,Ossi Oswalda-Film (Berlin),,,Victor Janson,,,,,,,,,Universum-Film AG (UFA) (Berlin),"6 Akte, 2637 m",,stumm,,
Dekameron-Nächte,https://www.filmportal.de/film/dekameron-naechte_9a57affc8a7d43059c46090a44d31247,Spielfilm,1924,Deutschland/Großbritannien,,,Norman G. Arnold,,"Lionel Barrymore: Prinz Saladin, Ivy Duke: Prinzessin Ataliel / Perdita, Werner KraußSultan, Bernhard Goetzke: Kreuzritter Torello, Xenia Desni: Torellos Frau Teodora, Randle Ayrton: Kreuzritter Graf Riciardo, Hanna Ralph: Riciardos Frau Violante, Albert Steinrück: König von Algarve, Samson Thomas: Imliff, Georg John: Sterndeuter",,,,"Herbert Wilcox, Noel Rhys",,,,,Theodor Sparkuhl,,,,,,Giuseppe Becce (Bei der Erstaufführung),,,,"Universum-Film AG (UFA) (Berlin), Graham-Wilcox Productions Ltd. (London)",,"Erich Pommer, Herbert Wilcox",Herbert Wilcox,,,,,,,,"Robert Mc: Loughlin (Bühnenstück ""Decameron Nights""), Giovanni Boccaccio (Zwei Erzählungen aus ""Il Decamerone"")",,,35mm,"s/w, stumm",,
Deutsche Helden in schwerer Zeit,https://www.filmportal.de/film/deutsche-helden-in-schwerer-zeit_3dea9542ccda4b6fbcda82eb5c7d315f,Spielfilm,1924,Deutschland,,,,,"Leopold von Ledebur: Herzog von Braunschweig, Hansi Arnstaedt, Karl Platen: Marschall Blücher, Walter Steinbeck: Friedrich Wilhelm I., Fritz Delius, Hanspeter Peterhans, Rolf Loer",,,,,,,,,,,,,,,,,,,,,,"Curt Blachnitzky, Franz Porten",,,,,,,,,,,,stumm,,
...die sich verkaufen,https://www.filmportal.de/film/die-sich-verkaufen_fac85a3553b848ff879cc192a70b04cb,Spielfilm,1924,Deutschland,,,"Willy Reiber, Max Heilbronner",,"Lia Eibenschütz, Hanna Lierke, Carl de Vogt, Jack Mylong-Münz, Georg Heinrich Schnell, Walter Lantzsch, Emil Heyse, Karl Falkenberg, Heinzerl Greiner: Kind",,,,,,,,,Franz Koch,,,,,,,,,,,,,Fritz Greiner,,,,,,,,,,,,,,
Don Carlos und Elisabeth,https://www.filmportal.de/film/don-carlos-und-elisabeth_fe1826c776454396b00a53501d5f0b1b,Spielfilm,1924,Deutschland,,,Oskar Friedrich Werndorff,,"Conrad Veidt: Karl V. - Don Carlos, Infant von Spanien, Eugen Klöpfer: Don Philipp, Infant von Spanien - König Philipp II., Aud Egede-Nissen: Prinzessin Eboli, Wilhelm Dieterle: Marquis Posa, Adolf Klein: Der Großinquisitor Espinosa, Robert Taube: Herzog Alba, Friedrich Kühne: Don Perez, Minister des Königs, Rudolf Biebrach: Herzog von Valois, Dagny Servaes: Elisabeth von Valois, Martin Herzberg: Carlos, 10 Jahre",,,,"Richard Oswald, Ludwig Fulda (Prolog)",,,,,"Karl Hasselmann, Karl Puth, Karl Vass, Theodor Sparkuhl",,Oskar Friedrich Werndorff,,,,Willy Schmidt-Gentner (Kino-Musik - Kompilation),,,,Richard Oswald-Film AG (Berlin),,,Richard Oswald,,,,,,,,,,"3153 m, 115 min","35mm, 1:1,33","s/w, stumm",,
Dr. Wislizenus,https://www.filmportal.de/film/dr-wislizenus_3ab33169dd8a4e3ba54e823a7c69d91f,Spielfilm,1924,Deutschland,,,Robert A. Dietrich,,"Fritz Kortner: Dr. Wislizenus / Vagabund, Paul Bildt: Dichter Wohlgetan, Charlotte Ander: Lena, Jakob Tiedtke: Wirt, Marija Leiko: Vagabundin, Paul Graetz: Iltis, Siegfried Berisch: Milbe, Leon Richter: Engerling, Joachim Ringelnatz""Alte Frau""",,,,"Willy Haas, Paul Beyer",,,,,Adolf Otto Weitzenberg,,,,,,,,,,,,,Hanns Kobe,,,,,,,,Moritz Heymann (Novelle),,,,,,
Dreiklang der Nacht,https://www.filmportal.de/film/dreiklang-der-nacht_d64ae0b95ee047b7b53cd6b9fae54386,Spielfilm,1924,Deutschland,,,Willi A. Herrmann,,"Carlo Aldini: Alf Julsrud, Claire Rommer: Janna Gyttorp, Kurt Brenkendorf: Niels Gyttorp, Bankier, Max Bing: Dr. Swante, Rudolf Klein-Rohden: Efim Alepp, armenischer Edelsteinhändler, Ruth Beyer: Bella, seine Tochter, Fred Immler: Negul, Hans Sternberg: Johnston, Hans Kuhnert: Fürst Miljukin, Maria Grünke: Julsruds alte Wirtin, Ludwig Rex: Gyttorps Sekretär",,,,"Franz Schulz, Arthur Rosen",,,,,"Carl Drews, Akos Farkas",,,,,,,,,,Phoebus-Film AG (Berlin),,,Karl Gerhardt,,,,,,,,,,,,,,
"Düstere Schatten, strahlendes Glück",https://www.filmportal.de/film/duestere-schatten-strahlendes-glueck_dd473c123dd749f284ef617a511b8f31,Spielfilm,1924,Deutschland,,,Karl Machus,,"Ossip Runitsch: F. C. Morland, Ludwig Rex: Dr. West, Hella Moja: Irene Miller, Toni Wittels: Frau Miller, Max Weydner: Kurt Bratter, Martin Lindmann: Black",,,,Max Erhardt,,,,,Mutz Greenbaum,,,,,,,,,,,,,Max Erhardt,,,,,,,,,,"6 Akte, 1760 m",,"s/w, stumm",,
Dunkle Gewalten,https://www.filmportal.de/film/dunkle-gewalten_0a35d3e63fdb4d91a21f032d78cce68d,Spielfilm,1924,Deutschland,,,,,"Julius Kobler: Paul Rudolff, Plantagenbesitzer, Martha Hachmann-Zipser: Frau Johanna Brendel, seine Schwester, Friedrich Siems: Kurt, ihr Sohn, Elfriede Nissen: Edith, ihre Tochter, Marcella Halicz: Marion Tofft",,,,,,,,,,,,,,,,,,,,,,,,,,,,,,,,"8 Akte, 2740 m","35mm, 1:1.33","s/w, stumm",,
Die Egoisten. Die reich heiraten wollen,https://www.filmportal.de/film/die-egoisten-die-reich-heiraten-wollen_b8c239662aa948a4b1300c0e1c1ee685,Spielfilm,1924,Deutschland,,,Siegfried Wroblewsky,,"August Weber: Fabrikant Ferdinand Krause, Heinz Westermann: Siegfried Krause, Sohn, Katja Lana: Käthe Krause, Tochter, Herbert Hübner: Hugo Meier, Maschinist, Alfred Wötzel: Justizrat Blank, Krauses Rechtsbeistand, Hugo Steinherr: Isidor, Händler",,,,Walter Nehmer,,,,,"Paul Hummel, Hans Reinhardt",,,,,,,,,,,,,Edmund Linke,,,,,,,,,,,,,,
Der Eierheld,https://www.filmportal.de/film/der-eierheld_50178d99852b460da48b0f629150a8c2,Spielfilm,1924,Deutschland,,,,,"Sylvester Schäffer jun., Lilly Krüger",,,,,,,,,,,,,,,,,,,,,,,,,,,,,,,,,,,,
Die Fahrt ins Verderben,https://www.filmportal.de/film/die-fahrt-ins-verderben_f939cdf84b724343857fa8741d99e117,Spielfilm,1924,Deutschland/Niederlande,,,Robert A. Dietrich,,"Adele Sandrock: Kniertje, Hans Adalbert Schlettow: Geert, Barbara von Annenkoff: Jo, Joseph Klein: Simon, Paula Batzer: Clementine, Erwin Biswanger: Bos, Lotte Steinhoff, Hans Mierendorff, Werner Funck, Hermann Picha, Karl Harbacher",,,,Armin Petersen,,,,,"Karl Hasselmann, Christian Pointl (Zusatzaufnahmen)",,,,,,,,,,,,,James Bauer,,,,,,,,"Herman Heijermans (Bühnenstück ""Op hoop van zegen"")",,,,,,
Der Fall Dettinger [Archivtitel],https://www.filmportal.de/film/der-fall-dettinger-archivtitel_2d5cf276bf2d441e927d589f3d1585c7,Spielfilm,1924,Deutschland,,,,,,,,,,,,,,,,,,,,,,,,,,,Reinhold Schünzel,,,,,,,,,,,,,,
Fallstricke der Leidenschaft,https://www.filmportal.de/film/fallstricke-der-leidenschaft_81cac0cb58fc4dcb8fe75571ab0fa96a,Spielfilm,1924,Deutschland,,,,,,,,,,,,,,,,,,,,,,,,,,,,,,,,,,,,,,,,,
Die Finanzen des Großherzogs,https://www.filmportal.de/film/die-finanzen-des-grossherzogs_7f2de4fd38994334ba401412c16c005b,Spielfilm,1924,Deutschland,Fritz Schwarz,,"Rochus Gliese, Erich Czerwonski, Edgar G. Ulmer (Assistenz (?))",,"Mady Christians: Großfürstin Olga, Robert Scholz: Großfürst, Bruder von Olga, Harry Liedtke: Großherzog Don Ramon XX., Alfred Abel: Philipp Collin alias Prof. Pelotard, Adolphe Engers: Finanzminister Don Esteban Paquero, Hermann Vallentin: Herr Bekker, Julius Falkenstein: Bankier Ernst Isaacs, Guido Herzfeld: Wucherer Semjon Marcowitz, Ilka Grüning: Leibköchin Augustine, Walter Rilla: Ehrgeiziger Verschwörer, Hans Hermann SchaufußBuckliger Verschwörer, Georg August Koch: Gefährlicher Verschwörer, Max Schreck: Unheimlicher Verschwörer, Hugo Block: Kammerdiener Joaquino, Balthasar von Campenhausen: Adjutant",,,,Thea von Harbou,,,,,"Karl Freund, Franz Planer",Robert Baberske,,,,,Ekkehard Wölk (Digitalisierte Fassung),,,,Union-Film der Universum-Film AG (Ufa) (Berlin),,Erich Pommer,F. W. Murnau,Edgar G. Ulmer,,,,,,,"Frank Heller (Roman ""Storhertigens finanser"")",,"6 Akte, 2483 m","35mm, 1:1,33","s/w, stumm",,
Die Flucht ins Paradies,https://www.filmportal.de/film/die-flucht-ins-paradies_d600a830e59c426aab36d360dff86147,Spielfilm,1924,Deutschland,,,Willy Reiber,,"Jules Strassmann: Baron Jenö von Szendy, Marga Marfels: Helene, seine Tochter, Josef Roemer: Dr. Paul Frey, Schriftsteller, Fritz Wulfert: Baron Stachus von Szendy, Stéfan Markus: Ernst Savinius, Verleger, Gerhard Amundsen: Graf Adolfo da Ruvezzo, Margarethe Sautter: Rosine, seine Frau, Ly Armbruster: Estelle Robertson, Charles Erik Schneider: Detektiv Prudentino, Heinz Sarnow: Anton Müller, Buchhändler",,,,Stéfan Markus,,,,,Edward Schulz-Keffel,,,,,,,,,,"Weser Film, W. Schütte und Ed. Schulz-Keffel (Kassel)",,Stéfan Markus,Charles Erik Schneider,,,,,,,,,,"6 Akte, 1717 m",,"s/w, stumm",,
Die Frau im Feuer,https://www.filmportal.de/film/die-frau-im-feuer_29d184db9d3b418c94e236f6188633df,Spielfilm,1924,Deutschland,,,"Hans Sohnle, Otto Erdmann",,"Asta Nielsen: Josephine, Alfred Abel: Hans Fennhofer, Grigori Chmara: Fennhofers Diener Stanislaus, Helene von Bolváry: Dirne, Lia Eibenschütz: Lisa, Valeska Goldberger: Dame, Erwin Fichtner: Fennhofers Chauffeur, Henry Bender: Regisseur Bellmann",,,,"Margarete M. Langen, Ernst B. Fey",,,,,"Hans Karl Gottschalk, Max Grix",,Walter Wesener,,,,,,,,,,,Carl Boese,,,,,,,,Georg Hirschfeld (Roman),,"5 Akte, 1969 m","35mm, 1:1.33","s/w, stumm","Uraufführung (DE): 28.12.1924, Berlin, Alhambra",
Die Frau in Versuchung,https://www.filmportal.de/film/die-frau-in-versuchung_224741aef7d54e4389c2338d28103352,Spielfilm,1924,Deutschland,,,Robert A. Dietrich,,"Alfred Abel: Albert Unna, Olga Engl: Seine Mutter, Claire Rommer: Elena, ihre Nichte, Charles Willy Kayser: Friedrich Bessel, Sascha Gura: Eva Loray, Schauspielerin, Jakob Tiedtke: Redakteur Mittenzwey, Frida Richard: Dessen Frau, Vera Skidelsky: Beider Tochter, Margarete Kupfer: Mittenzweys Freundin, Fritz Schulz: Heinrich Höther, Bankbeamter, Hermann Picha: Jerusalem, Bürochef, Leopold von Ledebur: Theaterdirektor, Rudolf Lettinger: Ortsgeistlicher",,,,Paul Beyer,,,,,Marius Holdt,,,,,,,,,,Berliner Film-AG (Berlin),,,Siegfried Philippi,,,,,,,,,,"5 Akte, 1676 m","35mm, 1:1,33","s/w, stumm",,
Frauen im Sumpf. Aus dem Leben einer Hochstaplerin,https://www.filmportal.de/film/frauen-im-sumpf-aus-dem-leben-einer-hochstaplerin_a19ef289ce814aab95503d24ebaee47e,Spielfilm,1924,Deutschland/Niederlande,,,Fritz Lederer,,"E. Paul: Graf Robert de Bertan, Helena Makowska: Judith, seine Tochter, Adolf Klein, Olga Limburg, Claire Rommer, Ernst Rückert, Heinz Salfner",,,,"Theo Frenkel, Lothar Knud Frederik",,,,,Georg Muschner,,,,,,,,,,"Turma-Film Gmb: H (Berlin), Theo Frenkel Film (Amsterdam)",,,Theo Frenkel,,,,,,,,,,,,,,
Frühlingsfluten,https://www.filmportal.de/film/fruehlingsfluten_2077fc4c87b644d78b2635a2b1af49e1,Spielfilm,1924,Deutschland,,,Victor Aden,,"Diana Karenne, Ossip Runitsch, Carl Wallauer, Lia Eibenschütz, Elsa Wagner, Herbert Nest, Max Zilzer, Erich Pabst, Gustav Adolf Semler, Harry Hardt",,,,S. Poliakoff,,,,,Emil Schünemann,,"Leopold Verch, Willi Ernst",,,,,,,,,,,Nikolai Malikoff,,,,,,,,"Iwan Sergewitsch Turgenjew (Novelle ""Weschnije wody"")",,6 Akte,,,,
Die Galgenbraut,https://www.filmportal.de/film/die-galgenbraut_dc236ae2c36347e0994789816ffa4645,Spielfilm,1924,Deutschland,,,,,"Grete Reinwald, Leopold von Ledebur, Ernst Schrumpf, Hanns Lutterbeck, Carla Ferra, Georg Margo, Wilhelm Stauffen",,,,Hermanna Barkhausen,,,,,"Franz Weihmayr, Benno Rauch",,,,,,,,,,,,,"Josef Berger, F. B. Nier",,,,,,,,,,,,,,
Garragan,https://www.filmportal.de/film/garragan_15cc86d4bc8d4d3c9180c214528cf553,Spielfilm,1924,Deutschland,,,Heinrich Beisenherz,,"Edward Burns, Carmel Myers, Julianne Johnston, Helmut Goeze, Kurt von Lessen, Adolf Bassermann, Karl Platen, Eduard von Winterstein, Eduard Rothauser, Max Maximilian, Heinrich Peer, Fritz Russ, Hans Waßmann",,,,Ludwig Wolff,,,,,"Guido Seeber, Karl Hasselmann, Reimar Kuntze",,,,,,,,,,Elwe-Film Gmb: H (Berlin),,,Ludwig Wolff,,,,,,,,,,,,,,
Gedankensünden,https://www.filmportal.de/film/gedankensuenden_84151845abf84e33bbbb8431a961ddcc,Spielfilm,1924,Deutschland,,,Siegfried Wroblewsky,,"Margit Barnay, Herbert Hübner?, Alfred Schlageter",,,,Walter Nehmer,,,,,Paul Hummel,,,,,,,,,,,,,Edmund Linke,,,,,,,,,,,,,,
Gefährliche Freundschaft,https://www.filmportal.de/film/gefaehrliche-freundschaft_5d7094b09cce4d3dbdcb6cca5ac24b60,Spielfilm,1924,Deutschland,,,Max Frick,,"Colette Brettel, Ernst Winar, Hermann Vallentin, Vera Skidelsky, Maria Forescu, Karl Elzer",,,,,,,,,Franz Stein,,,,,,,,,,,,,Gerhard Dammann,,,,,,,,,,,,,,
Gefahren der Großstadt-Straße,https://www.filmportal.de/film/gefahren-der-grossstadt-strasse_5c52616fe7e5423f9e8b2bbd0b7cebfa,Spielfilm,1924,Deutschland,,,,,,,,,Toni Attenberger,,,,,,,,,,,,,,,Cabinetfilm Toni Attenberger (München/Berlin),,,Toni Attenberger,,,,,,,,,,,,,,
Der geheime Agent,https://www.filmportal.de/film/der-geheime-agent_b013a29dbf274dbb9d3b638868c32e54,Spielfilm,1924,Deutschland,,,Erich Zander,,"Eva May: Prinzessin, Lucie Höflich: Herzogin-Mutter, Carl LamačHerzog, Max Gülstorff, Ernst Behmer, Leonhard Haskeldrei Minister, Eugen Rex: Kammerdiener, Karl Platen: Baumeister, Karl Beckersachs: Marquis, Trude Berliner: Zofe",,,,Adolf Lantz,,,,,Frederik Fuglsang,,,,,,,,,,May-Film AG (Berlin),,,Erich Schönfelder,,,,,,,,,,,,,,
Das Geheimnis der Burgruine,https://www.filmportal.de/film/das-geheimnis-der-burgruine_2061f29dcda24c51accca884bd43ac08,Spielfilm,1924,Deutschland,,,,,,,,,,,,,,,,,,,,,,,,,,,,,,,,,,,,,,,,,
Das Geheimnis der schwarzen Lucy,https://www.filmportal.de/film/das-geheimnis-der-schwarzen-lucy_4b4504fb208243f8a06ff1dc7997d2a2,Spielfilm,1924,Deutschland,,,,,,,,,,,,,,,,,,,,,,,,Valy Arnheim-Film Gmb: H (Berlin),,,,,,,,,,,,,,,,,
Gehetzte Menschen,https://www.filmportal.de/film/gehetzte-menschen_1ac6204a1a47486c992e9b85b30319af,Spielfilm,1924,Deutschland,,,Carl Ludwig Kirmse,,"Lucy Doraine: Margit, Johannes Riemann: Hans, Hans Albers: Karl von Behn, Rudolf Lettinger: F. A. Mertens, Leonhard Haskel: Garson, Ilka Grüning: Frau Garson, Hugo Werner-Kahle: Andrewowitsch Gosmol, Trude Wessely: Lilly, Schwester von Karl v. Behn, Ferdinand Martini: A. S. Clasing, Erich Schönfelder: Anno Labraiter, Hilde Radneydekolletierte Dame, Albert Paulig: Herr in der Loge, Oscar Sabo: Rowdy, Edmonde Guy: Tänzerin, Ernst von Düren: Tänzer",,,,Ernst B. Fey,,,,,"Franz Planer, Josef Blasi",,,,,,,,,,Messter-Ostermayr-Film Gmb: H (München),,,Erich Schönfelder,,,,,,,,,,,"35mm, 1:1,33","s/w, ohne Ton",,
Geknechtete Seelen,https://www.filmportal.de/film/geknechtete-seelen_0f5e6395e1404f1e9ac5f9727ac0045e,Spielfilm,1924,Deutschland,,,,,"Ion Jancovescu, Doria Heller, R. S. Mortsun, Peter Stourdza, Felix Kersten, Frau Elvas, Leon Lefter",,,,"Victor A. Beldiman, Alfred Halm",,,,,"Toni Mülleneisen, Willi Briesemann",,,,,,,,,,,,,Alfred Halm,,,,,,,,,,"6 Akte, 2035 m","35mm, 1:1,33","s/w, ohne Ton",,
Gentleman auf Zeit,https://www.filmportal.de/film/gentleman-auf-zeit_bbf69c4cda734d6390180674092d123f,Spielfilm,1924,Deutschland,,,Willi A. Herrmann,,"Carlo Aldini, Grete Reinwald, Albert Patry, Fred Goebel, Oswald Delmor, W. von Rössel, Josef Reithofer, Kurt Brenkendorf, Mario Fossati, Willy Zeunert",,,,Paul Rosenhayn,,,,,Carl Drews,,,,,,,,,,Phoebus-Film AG (Berlin),,,Karl Gerhardt,,,,,,,,,,,,,,
Das Geschöpf,https://www.filmportal.de/film/das-geschoepf_803b9cf490544882b66f043306e5072a,Spielfilm,1924,Deutschland,,,Kurt Richter,,"Alfons Fryland, Erich Kaiser-Titz, Ilka Grüning, Charlotte Ander, Olga Engl, Gertrud Welcker, Rudolf Lettinger, Albert Paulig",,,,Hermann Wagner,,,,,Mutz Greenbaum,,,,,,,,,,Josef Rideg Film Gmb: H (Berlin),,Josef Rideg,Siegfried Philippi,,,,,,,,,,,,,,
Gesühnte Schuld,https://www.filmportal.de/film/gesuehnte-schuld_077dd1e84e85436dad6f1507c9698f76,Spielfilm,1924,Deutschland,,,,,"Emil Jannings, Werner Krauß, Hermann Thimig",,,,,,,,,,,,,,,,,,,,,,,,,,,,,,,,,,,,
Gib mich frei,https://www.filmportal.de/film/gib-mich-frei_eb2ea7fb7d684835843bc5e2218eddbe,Spielfilm,1924,Deutschland,,,Max Frick,,"Grete Reinwald: Lisa Limbach, Lisa Demand: Frau Konsul Limbach, Karl Elzer: Herr Konsul Limbach, Anna von Palen: Frau Anna v. Rahnsdorf, Carl Auen: Baron Ronald v. Stolle-Hechingen, Fritz Orwa: Kurt Mallwitz sein Freund, Sonja Wernsdorf: Ronalds Mutter, Ellen Plessow: Baroneß von Eppendorf, Grete Wallicht: Frau Reg.-Rat Ort, Erich Briese: Hauptmann Neuendorf, Siegrid Kara: Zofe bei Limbach",,,,,,,,,Franz Stein,,,,,Arnold Jenssen,,,,,National-Film AG (Berlin),,,Erich Eriksen,,,,,,,,,,,,,,
Gift und Liebe,https://www.filmportal.de/film/gift-und-liebe_f4b21f941bc142c6b9f15491ea3735c4,Spielfilm,1924,Deutschland,,,Siegfried Wroblewsky,,"Margit Barnay, Alfred Schlageter, Otti Ottera, Katja Lana",,,,Walter Nehmer,,,,,"Paul Hummel, Hans Reinhardt",,,,,,,,,,,,,Edmund Linke,,,,,,,,,,,,,,
Gloria fatalis,https://www.filmportal.de/film/gloria-fatalis_70e13cf0df03491eb93e4b669da5ebff,Spielfilm,1924,Deutschland/Niederlande,,,,,"Emmy Arbous, Gustav Adolf Semler, Mimi Irving",,,,Johan Gildemeijer,,,,,,,,,,,,,,,"Johan Gildemeijer (Amsterdam), Münchener Film-Industrie (München)",,,Johan Gildemeijer,,,,,,,,,,,,,,
Das goldene Kalb,https://www.filmportal.de/film/das-goldene-kalb_8dc6d737f5e44c41937e923817ef9282,Spielfilm,1924,Deutschland,,,"Hans Sohnle, Otto Erdmann",,"Henny Porten: Magdalena, Albert Steinrück: Floris, Olga Engl: Frau Grahl, Angelo Ferrari: Nikolaus, Alfred Schreiber: Fiber, Colette Brettel: Judith, Johannes Riemann: Paulus, Ossip Runitsch: Leibgardist, Friedrich Kühne: Auditor, Edgar Klitsch: Waisenvater, Rosa Valetti",,,,Peter Paul Felner,,,,,"Gustave Preiß, Mutz Greenbaum",,,,,,,,,,Westi-Film Gmb: H (Berlin),Julius Wachtel,,"Peter Paul Brauer, Peter Paul Felner",,,,,Reinhold Draber,,,"Ferenc Herczeg (Roman ""Die beiden Leben der Magdalena"")",,,,,,
Die Goldsucher,https://www.filmportal.de/film/die-goldsucher_7e7bee40f5ee4688ae9808f6cf4b802d,Spielfilm,1924,Deutschland,,,,,,,,,,,,,,,,,,,,,,,,,,,,,,,,,,,,,,,,,
"Gott, Mensch und Teufel",https://www.filmportal.de/film/gott-mensch-und-teufel_609b4fe9856a4153a47adf8f0fb2de22,Spielfilm,1924,Deutschland,,,,,"Eduard von Winterstein: Ol Sörensen, Sibyl Smolowa: Senta, seine Tochter, Hans Adalbert Schlettowder Teufel",,,,,,,,,,,,Oskar Schubert-Stevens,,,,,,,,,,Oskar Schubert-Stevens (Künstlerische Leitung),,,,,,,,,,,,,,
Gräfin Donelli,https://www.filmportal.de/film/graefin-donelli_4afcc0f480ba4314810d4f21f7fe0f95,Spielfilm,1924,Deutschland,,,Hermann Warm,,"Henny Porten: Mathilde Donelli, Paul Hansen: Graf Donelli, Friedrich Kayßler: Graf Bergheim, ihr Oheim, Eberhard Leithoff: Hellwig, dessen Privatsekretär, Ferdinand von Alten: Baron von Trachwitz, Lantelme Durrer, Karl Etlinger, Hans Brausewetter",,,,Hans Kyser,,,,,Guido Seeber,,,,,,,,,,Maxim-Film Ges. Ebner & Co (Berlin),,,G. W. Pabst,Mark Sorkin,,,,,,,,,,,,,
Graf Chagron,https://www.filmportal.de/film/graf-chagron_7575ea67500d488dbe2839496b9448f2,Spielfilm,1924,Deutschland,,,Ernst Heinrich,,"Paul Barleben, Edith Romanoff, Peter Esser, Fritz Servos, Mathilde Windslar, Josef Lacquer, Willi Barchardt, Karl Scheueren, Theodor Kipler, Werner Heuser, Klaus Meyer, J. v. d. Gracht",,,,"Hans Müller-Schlösser, Hansjürgen Völcker",,,,,László Schäffer,,,,,,,,,,,,,Hansjürgen Völcker,,,,,,,,"Honoré de Balzac (Erzählung ""Colonel Chabert"")",,4 Akte,,,,
Graf Kostja,https://www.filmportal.de/film/graf-kostja_0b86786cbe824633b547beba1de5f6d8,Spielfilm,1924,Frankreich/Deutschland,,,,,"Conrad Veidt: Comte Kostia, Genica Athanasiou: Stéphane, Claire Darcas: Comtesse Kostia, André Nox: Vladimir Paulitch, Pierre Daltour: Gilbert de Saville, Paul Pauley: Pope Alexis, Henri Desmarets: Ivan, Florence Talma: Mme Lerins, Farney: Fritz, Roby Guichard, Louise Barthe, Yvette Langlais",,,,,,,,,"Georges Lukas, Lucien Bellavoine",,,,,,,,,,"Westi-Film Gmb: H (Berlin), Art et Cinégraphie (Paris)",,,Jacques-Robert,,,,,,,,Victor Cherbuliez (Roman),,,"35mm, 1:1,33","s/w, stumm",,
Guillotine,https://www.filmportal.de/film/guillotine_638df79631104d56ada8074ae7fc8d66,Spielfilm,1924,Deutschland,,,August Rinaldi,,"Marcella Albani: Marie und die Mutter, Hans Albers: Gaston Brieux, Andja Zimowa: Alice, Willy Fritsch: Paul, Leopold von Ledebur: Cartier, Bankier, Eduard von Winterstein: Prokurist Laroche, Georg John, Bruno Ziener",,,,,,,,,Achille Nani,,,,,,,,,,Albani-Film Gmb: H (Berlin),,,Guido Schamberg,,,,,,,,,,,"35mm, 1:1,33","s/w, ohne Ton",,
Harry & Co.,https://www.filmportal.de/film/harry-co_ca2fdb9bc81a4be8966c474ff0ff8cc6,Spielfilm,1924,Deutschland,,,Hermann Krehan,,"Harry Camin: Harry, das Kind, Adolf Edgar Licho: Herr Menzel, Harrys Onkel, Senta Söneland: Marie, Dienstmädchen, Herbert Paulmüller: Hauswirt",,,,Melitta Camin,,,,,Max Lutze,,,,,,,,,,Melitta-Film-Gesellschaft (Berlin),,,Melitta Camin,,,,,,,,,,,,,,
Harry Hills Jagd auf den Tod [Teil 1],https://www.filmportal.de/film/harry-hills-jagd-auf-den-tod-teil-1_c348daed0eec4a91a8ee20e492634897,Spielfilm,1924,Deutschland,,,,,"Valy Arnheim: Harry Hill, Marga Lindt, Aruth Wartan, Georg John, Kurt Lilien, Sybil Morel, Walter Formes",,,,Willy Rath,,,,,"Otto Kanturek, Josef Dietze",,,Valy Arnheim,,,,,,,Valy Arnheim-Film Gmb: H (Berlin),,,"Willy Rath, Lorenz Bätz",,,,,,,,,,"5 Akte, 1547 m","35mm, 1:1,33","s/w, ohne Ton",,
Harry Hills Jagd auf den Tod [Teil 2],https://www.filmportal.de/film/harry-hills-jagd-auf-den-tod-teil-2_e957b68dc4cf48e686710c9d61dcad59,Spielfilm,1924,Deutschland,,,,,"Valy Arnheim: Harry Hill, Marga Lindt, Aruth Wartan, Georg John, Kurt Lilien, Sybil Morel",,,,Willy Rath,,,,,"Otto Kanturek, Josef Dietze",,,Valy Arnheim,,,,,,,Valy Arnheim-Film Gmb: H (Berlin),,,"Willy Rath, Lorenz Bätz",,,,,,,,,,"5 Akte, 1742 m","35mm, 1:1,33","s/w, ohne Ton",,
Das Haus am Meer,https://www.filmportal.de/film/das-haus-am-meer_bde279e649fd4d6e8c6a18db96146083,Spielfilm,1924,Deutschland,,,Kurt Richter,,"Grigori Chmara: Fischer Enrico, Asta Nielsen: Enricos Ehefrau Teresa, Carl Auen: Gino, Alexandra Sorina: Ginos Ehefrau, Albert Steinrück: Werber, Hermann Vallentin: Sergeant, Rudolf del Zopp: Ohm",,,,"Bobby E. Lüthge, Fritz Kaufmann",,,,,"Erich Waschneck, Alfredo Lenci",,,,,,,,,,Mercedes-Film AG (Berlin),,Heinrich Nebenzahl,Fritz Kaufmann,,,,,,,,Stefan Zweig (Bühnenstück),,"5 Akte, 1830 m","35mm, 1:1,33","s/w, stumm",,
Das Haus im Dunkeln,https://www.filmportal.de/film/das-haus-im-dunkeln_15362fbe5d02461bba65a63fbb6a4c97,Spielfilm,1924,Deutschland,,,,,,,,,Ada van Roon,,,,,,,,,,,,,,,,,,Gernot Bock-Stieber,,,,,,,,,,,,,,
Hedda Gabler,https://www.filmportal.de/film/hedda-gabler_b0875e01ca2544c6b5a488e7a719a334,Spielfilm,1924,Deutschland,Willy Herrmann,,Max Frick,,"Paul Morgan: Dr. Jürgen Tesman, Asta Nielsen: Tesmanns Ehefrau Hedda Gabler, Frida Richard: Tante Juliane Tesman, Albert Steinrück: Gerichtsrat Brack, Grigori Chmara: Eilert Lövborg, Käte Haack: Frau Thea Elvsted, Olga Limburg: Rote Diana, Jeanette Bethge: Dienstmächen Berte, Carl Balta",,,,"Rosa Porten, Franz Eckstein",,,,,Franz Stein,,Werner Boehm,,,Arnold Jenssen,,,,,National-Film AG (Berlin),,,Franz Eckstein,,,,,,,,Henrik Ibsen (Bühnenstück),,"6 Akte, 2577 m","35mm, 1:1,33","s/w, stumm",,
Die Heimatlosen,https://www.filmportal.de/film/die-heimatlosen_a894bdb0a1554b75986d66aa23e5d58c,Spielfilm,1924,Deutschland,,,,,"Leontine Kühnberg: Naja, Max Ruhbeck: Viktor Andree, Generaldirektor, Kurt Busch: Axel Hain, sein Neffe, Ernst Pittschau: Oswald Harro, Ingenieur, Heinrich Wessel: Murra, ein alter Zigeuner, Fritz Russ: Johann, Diener bei Andree",,,,,,,,,,,,,,,,,,,,,,Preben J. Rist,,,,,,,,,,,,,,
Helena. 1. Teil: Der Raub der Helena,https://www.filmportal.de/film/helena-1-teil-der-raub-der-helena_688897a36e6a4498bb9963387d5fee07,Spielfilm,1924,Deutschland,,,"Otto Voelckers, Peter Rochelsberg, Berthold Rungers (Entwurf des Trojanischen Pferdes)",,"Edy Darclea: Helena, Hanna Ralph: Andromache, Adele Sandrock: Hekabe, Albert Steinrück: Priamos, Carl de Vogt: Hektor, Albert Bassermann: Aisakos, Carlo Aldini: Achill, Friedrich Ulmer: Menelaos, Karl Wüstenhagen: Agamemnon, Carl LamačPatroklos, Rudolf Meinhardt-Jünger: Thersties, Otto Kronburger: Odysseus, Ferdinand Martini: Agrelaos",,,,Hans Kyser,,,,,"Gustave Preiß, Ewald Daub",,Leo Pasetti,,,,,,,,,,,Manfred Noa,Hans Schönmetzler,,,,,,,,,"5 Akte, 2189 m",,"s/w, stumm",,
Helena. 2. Teil: Der Untergang Trojas,https://www.filmportal.de/film/helena-2-teil-der-untergang-trojas_a86798d9e2b74ea7b3769e202357cb16,Spielfilm,1924,Deutschland,,,"Otto Voelckers, Peter Rochelsberg, Berthold Rungers (Entwurf des Trojanischen Pferdes)",,"Edy Darclea: Helena, Hanna Ralph: Andromache, Adele Sandrock: Hekabe, Albert Steinrück: Priamos, Carl de Vogt: Hektor, Albert Bassermann: Aisakos, Carlo Aldini: Achill, Friedrich Ulmer: Menelaos, Karl Wüstenhagen: Agamemnon, Carl LamačPatroklos, Rudolph Meinhard: Tersites, Otto Kronburger: Ulises, Ferdinand Martini: Agelaos",,,,Hans Kyser,,,,,"Gustave Preiß, Ewald Daub",,Leo Pasetti,,,,,,,,,,,Manfred Noa,,,,,,,,,,"6 Akte, 2904 m",,"s/w, stumm",,
Die Hermannschlacht,https://www.filmportal.de/film/die-hermannschlacht_52b59236df8446948c75677f6a4f4154,Spielfilm,1924,Deutschland,,,"Dr. Hanns Jaquemar, Fritz Kraenke",,"Adolf Bassermann: Segimer, Fürst der Cherusker, Antonie Jaeckel: Alahgund, Segimers zweite Frau, Georg Schmieter: Arminius, Sohn Segimers aus erster Ehe, Mia Pankau: Gunthild, Waisenkind, im Hause Segimers erzogen, Gustav Czimeg: Segestes, neben Segimer Fürst der Cherusker, Annemarie Wisser: Tusnelda, Tochter von Segestes, Gustav Adolf Semler: Segimund, Sohn von Segestes, Hans Mühlhofer: Marobod, Fürst der Markomannen, de Stefano-Vitate: Quintilius Varus, Römischer Statthalter in Germanien, Fred Immler: Ventidius, Römischer Gesandter bei den Cheruskern",,,,Leo König,,,,,Marius Holdt,,J. Bieeker,,,,Dr. Fritz Chlodwig Lange,,,,,,,Leo König,,,,,,,,,,"5 Akte, 1928 m",,,,
Die Herrin von Monbijou,https://www.filmportal.de/film/die-herrin-von-monbijou_333eeaab32a74f40a2dac0e6d379acee,Spielfilm,1924,Deutschland,,,,,"Lya Mara, Hermann Böttcher, Albert Patry, Julia Serda, Ulrich Bettac",,,,Fanny Carlsen,,,,,Mutz Greenbaum,,,,,,,,,,Zelnik-Mara-Film Gmb: H (Berlin),,,Friedrich Zelnik,,,,,,,,,,,,,,
Das Herz der Lilian Thorland,https://www.filmportal.de/film/das-herz-der-lilian-thorland_c32bbd8ceaac4145b01d4267df7972ae,Spielfilm,1924,Deutschland,,,Franz Schroedter,,"Esther Carena, Evi Eva, Hermann Picha, Hermann Vallentin, Oskar Marion, Heinrich Schroth, Karl Falkenberg, Albert Patry, Kurt Brenkendorf, Henri Peters-Arnolds, Charles Lincoln, Dora Bergner",,,,Jane Bess,,,,,,,,,,,,,,,,,,Wolfgang Neff,,,,,,,,,,,,,,
Hochstapler wider Willen,https://www.filmportal.de/film/hochstapler-wider-willen_2e424e3b58e644539c74a43498f0c950,Spielfilm,1924,Deutschland,,,"Otto Voelckers, Peter Rochelsberg",,"Ellen Kürty, Olga Gsovskaja, Toni Tetzlaff, Ferdinand Martini",,,,Robert Liebmann,,,,,"Ewald Daub, Franz Bertl Seyr",,,,,,,,,,,,,Géza von Bolváry,,,,,,,,,,,,,,
Höhenfieber,https://www.filmportal.de/film/hoehenfieber_23d5dba688ca472abd2f904e905ded6f,Spielfilm,1924,Deutschland,,,Carl Ludwig Kirmse,,"Sascha Gura, Hanni Reinwald, Robert Scholz, Erich Kaiser-Titz, Bengt Aage, Björn Hvid",,,,"Ada van Roon, Gernot Bock-Stieber",,,,,"Hans Bloch, Georg Siebert",,,,,,,,,,,,,Gernot Bock-Stieber,,,,,,,,,,,,,,
Hyänen der Nacht,https://www.filmportal.de/film/hyaenen-der-nacht_bd36f137e7bc4181a842045b6fde7b65,Spielfilm,1924,Deutschland,,,,,,,,,,,,,,,,,,,,,,,,,,,,,,,,,,,,,,,,,
Ich hatt' einen Kameraden,https://www.filmportal.de/film/ich-hatt-einen-kameraden_a5f6a0e26f624361ae5210de49d38d5b,Spielfilm,1924,Deutschland,,,,,"Otto Gebühr, Peter Berneis, Charlotte Klinder, Gertrud Eysoldt",,,,Hans Behrendt,,,,,,,,,,,,,,,Otto Gebühr-Film Gmb: H (Berlin),,,Hans Behrendt,,,,,,,,,,,,,,
Ihr Weg zum Erfolg,https://www.filmportal.de/film/ihr-weg-zum-erfolg_56ce09598c9b4739a7cbb4c5fa7882bc,Spielfilm,1924,Deutschland,,,,,,,,,,,,,,,,,,,,,,,,,,,Felix Basch,,,,,,,,,,,"35mm, 1:1.33",,,
Ihre letzte Dummheit,https://www.filmportal.de/film/ihre-letzte-dummheit_55345f9291e946f2b7b9a5a7d48b66bc,Spielfilm,1924,Deutschland,,,Karl Machus,,"Hella Moja, Harry Hardt, Fritz Greiner, Hans Sternberg, Hugo Werner-Kahle, Rudolf Hoch",,,,Richard Arvay,,,,,Willy Goldberger,,,,,,,,,,,,,Richard Arvay,,,,,,,,,,,,,,
Im Schatten der Anderen,https://www.filmportal.de/film/im-schatten-der-anderen_644aa8422b1947998a2f9b1e467d56d3,Spielfilm,1924,Deutschland,,,,,"Hermann Stäbner, Magda Madeleine, Jo Conradi, Ernst Rückert, Carl Grünwald, Marga Köhler",,,,Robert Heymann,,,,,,,,,,,,,,,,,,Paul von Woringen,,,,,,,,,,"4 Akte, 1268 m","35mm, 1:1.33","s/w, stumm",,
In den Krallen der Schuld,https://www.filmportal.de/film/in-den-krallen-der-schuld_b386b7f8a82346aeac7636139dbf5f79,Spielfilm,1924,Deutschland,,,W. Moldenhauer,,"Eduard von Winterstein: Schlossermeister Witt, Frida Richardseine Frau, Ulrich Bettac: Karl, ihr Sohn, Eduard Rothauser: Kommerzienrat Lynge, Camilla Spira: Matia, seine Tochter, Cleo d'Osterode""Tante"" Jule, Fritz Kampers: Schlossergehilfe, Hermann Picha: Ortsvorsteher",,,,,,,,,Wilhelm Kiermeier,,,,,,,,,,,,,Fred Rommer,,,,,,,,,,,,,,
Kaddisch,https://www.filmportal.de/film/kaddisch_1b46a7ec1d8a47168b5b825931278114,Spielfilm,1924,Deutschland,,,"Walter Röhrig, Robert Herlth",,"Adolf Edgar Licho, Lia Eibenschütz, Ilka Grüning, Rudolf Lettinger, Lucie Höflich, Erna Dehnhardt, Carlos Zizold, Manfred Laske, Emil Heyse, Agnes Müller, Rudolf Hofbauer",,,,Alfred Fekete,,,,,"Willibald Gaebel (Atelier), Paul Lieberenz (Außenaufnahmen)",,,,,,,,,,Licho-Film Gmb: H (Berlin),,,Adolf Edgar Licho,,,,,,,,,,,"35mm, 1:1,33",s/w,,
Der Klabautermann,https://www.filmportal.de/film/der-klabautermann_6b0a18a7058241e79a384fdce23fed5f,Spielfilm,1924,Deutschland,,,Botho Höfer,,"Evi Eva: Marja, Wilhelm Diegelmann: William Russell, Harry Hardt: Holger, sein Neffe, Kläre Grieger: Daisy, seine Tochter, Ludwig Andersen: Kapitän Leeds, Rolf Jäger: François Duval, Hans Trautner: Dr. Fred Maclin",,,,Julius Sternheim,,,,,"Guido Seeber, Reimar Kuntze",,,,,,,,,,Sternheim-Film Gmb: H (Berlin),,,Paul Merzbach,,,,,,,,,National-Film AG (Berlin),,,,,
Die Kleine aus der Konfektion. Großstadtkavaliere,https://www.filmportal.de/film/die-kleine-aus-der-konfektion-grossstadtkavaliere_4c96a444747948deb53179f09bb7da86,Spielfilm,1924,Deutschland,,,Alfred Junge,,"Reinhold Schünzel, Evi Eva, Lilly Flohr, Olga Engl, Margarete Kupfer, Claire Rommer, Anna von Palen, Julia Serda, Karl Beckersachs, Hans Junkermann, Gerhard Ritterband, Karl Harbacher, Siegfried Berisch, Henri Peters-Arnolds",,,,Ruth Goetz,,,,,Kurt Lande,,,,,,Hansheinrich Dransmann (Kino-Musik),,,,,,,Wolfgang Neff,,,,,,,,,,"7 Akte, 2141 m","35mm, 1:1.33","s/w, stumm",,
Der kleine Herzog,https://www.filmportal.de/film/der-kleine-herzog_1488f745aec74c448722e8dfcbcc72f9,Spielfilm,1924,Deutschland,,,,,"Carl Wallauer: Herzog Milan, Robert Scholz: Erbprinz Boris, Maria Fein: Fürstin Katharina, Lia Eibenschütz: Gräfin Helena, Eduard von Winterstein: Oberst v. Trucschicz, Hedwig Pauly-Wintersteinseine Frau, Dora Friese: Irma, seine Frau, Kurt Vespermann: Leutnant Alexander, Olga Limburg: Frl. v. Jonescu, Paul Biensfeldt: Kammerherr v. Kruczicz, Hanspeter Peterhansder kleine Graf Peter, Hermann Picha: Hofmeister",,,,Toni Dathe,,,,,Paul Holzki,,,,,,,,,,,,,Rudolf Walther-Fein,,,,,,,,,,,,,,
Königsliebchen,https://www.filmportal.de/film/koenigsliebchen_59ee2d7ccd054a08b70f8ff0015815b3,Spielfilm,1924,Deutschland,,,"Hermann Warm, Gustav A. Knauer",,"Elisabeth Pinajeff, Bruno Kastner, Robert Scholz, Hans Junkermann, Julia Serda, Erich Kaiser-Titz, Sophie Pagay, Paula Eberty, Philipp Manning, Lantelme Durrer, Hermann Picha, Lydia Potechina, Hermann Vallentin, Hugo Döblin, Luigi Serventi, Joseph Klein, W. Falk",,,,,,,,,Otto Kanturek,,,,,,,,,,,,,Heinz Schall,,,,,,,,,,,,,,
Komödianten des Lebens,https://www.filmportal.de/film/komoedianten-des-lebens_b0c693e9c31a426e983e5092c9131814,Spielfilm,1924,Deutschland,,,Ludwig Kainer,,"Georg Alexander: Detektiv Bobb Doddini, Bruno Kastner: Grenzoffizier, Elga Brink: Elga, Edith Meller: Ly, Lona Schmidt: Lona, Paul Otto: Professor Labori, Willy Schröder: Bastian, Diener, Martin Herzberg: Fred, Elgas Bruder, Bob-Roy: Grenzoffizier",,,,"Robert Liebmann, Hanns Kräly",,,,,Curt Courant,,Ludwig Kainer,,,,,,,,Georg Jacoby-Film Gmb: H (Berlin),,,Georg Jacoby,,,,,,,,,,,"35mm, 1:1,33","s/w, stumm",,
Komödie des Herzens,https://www.filmportal.de/film/komoedie-des-herzens_8e22ff3e176745de9a72f36f7ef0896a,Spielfilm,1924,Deutschland,,,"Robert Herlth, Walter Röhrig",,"Lil Dagover: Gerda Werska, eine gefeierte Tänzerin, Nigel Barrie: Baron Vinzenz, ihr  Freund, Alexander Murski: Graf Inger auf Ingersholm, Ruth Weyher: Inge, seine Tochter, Colette Brettel: Daisy, seine Tochter, Victor Palfi: Jürgen, sein Sohn, Ernst Winar: Knud, Liebhaber der Theatertruppe, Hans Cürlis: Herr Fips, der  Hauslehrer der gräflichen Kinder, Lydia Potechina: Frau Ring, Haushälterin bei  Mme Werska, William Huch, Robert Leffler",,,,"F. W. Murnau, Rochus Gliese",,,,,Theodor Sparkuhl,,,,,,Giuseppe Becce (Bei der Uraufführung),,,,Universum-Film AG (UFA) (Berlin),,,Rochus Gliese,,,,,,,,"Sophie Hoechstetter (Novelle ""Maskenball des Herzens"" (1922))",,"1866 m, 68 min","35mm, 1:1,33","s/w, stumm",,
Das Kreuz am Teufelsgrat,https://www.filmportal.de/film/das-kreuz-am-teufelsgrat_48740a9414bc4b1eb67119b7aa0f17a4,Spielfilm,1924,Deutschland,,,,,,,,,,,,,,,,,,,,,,,,,,,,,,,,,,,,,,,,,
Kronprinz Rudolf und die Tragödie von Mayerling,https://www.filmportal.de/film/kronprinz-rudolf-und-die-tragoedie-von-mayerling_ff068be2f55f4b0ea541cf1b51a8add3,Spielfilm,1924,Deutschland,,,,,,,,,,,,,,,,,,,,,,,,,,,,,,,,,,,,,,,,,
Der letzte Mann,https://www.filmportal.de/film/der-letzte-mann_354d606172df4e89aee14c93fa47a89a,Spielfilm,1924,Deutschland,,,"Robert Herlth, Walter Röhrig, Edgar G. Ulmer (Assistenz)",,"Emil Jannings: Hotelportier, Maly Delschaft: Seine Nichte, Max W. Hiller: Deren Bräutigam, Emilie Kurz: Tante des Bräutigams, Hans Unterkircher: Hotelgeschäftsführer, Olaf Storm: Junger Hotelgast, Hermann Vallentin: Spitzbäuchiger Gast, Georg John: Nachtwächter, Emmy Wyda: Hagere Nachbarin, Erich Schönfelder, Neumann-Schüler, O. E. Hasse",,,,Carl Mayer,UFA-Filmverleih Gmb: H (Berlin),,,,Karl Freund,Robert Baberske,,,,Waldemar Jabs,"Giuseppe Becce (Bei der Uraufführung), Peter Schirmann (1964), Werner Schmidt-Boelcke (1984), Detlev Glanert (Digitalisierte Fassung (Bearbeitung und Ergänzung der Uraufführungs-Version))",,,,Union-Film der Universum-Film AG (Ufa) (Berlin),,Erich Pommer,F. W. Murnau,,,,,Hans Natge,,,,,"6 Akte, 2315 m","35mm, 1:1,33","s/w, stumm",,
Die Liebe ist der Frauen Macht. Kabale und Liebe im Zirkus,https://www.filmportal.de/film/die-liebe-ist-der-frauen-macht-kabale-und-liebe-im-zirkus_6e53c839073b4c62b04c10e8493ed413,Spielfilm,1924,Deutschland,,,"Bernhard Schwidewski, Oskar Friedrich Werndorff",,"Fern Andra: Fern, Wolfgang von Schwindt: Albany, Zirkusdirektor, ihr Vater, Henri Peters-Arnolds: Ralph, Kunstreiter, Fred Immler: Orlando, Kunstschütze, Martin Wolfgang: Bobby, Clown, Renée Blue: Renée, seine Tochter, Livio C. Pavanelli: Mackenzy, ein reicher Ausländer, Paul Rehkopf: Barthou, sein Faktotum, Paul Günther: Untersuchungsrichter, Karl Harbacher: Gerichtsschreiber",,,,Willy Rath,,,,,"Ivar Petersen, Toni Mülleneisen",,,,,,,,,,Fern Andra-Film-Co. Georg Bluen (Berlin),,Georg Bluen,"Erich Engel, Georg Bluen",,,,,,,,,,"6 Akte, 2278 m",,"s/w, stumm",,
Die Liebesbriefe der Baronin von S...,https://www.filmportal.de/film/die-liebesbriefe-der-baronin-von-s_0c34ecd1535b4f648c716b75ab5ca791,Spielfilm,1924,Deutschland,,,Paul Leni,,"Mia May: Baronin von S., Alfredo Bertone: Baron von S., Memo Benassi: Straßenmusikant Giovanni, Desdemona Mazza: Kokotte Jou-Jou - Ginetta, Ernst Gronau: Marquis Grillon",,,,"Paul Reno, Henrik Galeen",,,,,"Frederik Fuglsang, Ludwig Lippert, Giovanni Vitrotti",,,,,,Eduard Prasch (Bei der Uraufführung),,,,May-Film AG (Berlin),,Joe May,Henrik Galeen,,,,,,,,,Universum-Film AG (UFA) (Berlin),"6 Akte, 2381 m","35mm, 1:1,33",s/w,,
Die Liebesbriefe einer Verlassenen,https://www.filmportal.de/film/die-liebesbriefe-einer-verlassenen_ec62f4895f5d49d6b811f692a5dceb66,Spielfilm,1924,Deutschland,,,Carl Ludwig Kirmse,,"Ilka Grüning, Margarete Kupfer, Dora Bergner, Peggy Permont, Heinrich Schroth, Ernst Hofmann, Charles Willy Kayser, Fritz Kampers, Rudolf Klein-Rohden, Robert Leffler",,,,,,,,,Kurt Lande,,,,,,,,,,,,,Emmerich Hanus,,,,,,,,,,,,,,
Liebet das Leben,https://www.filmportal.de/film/liebet-das-leben_d0bbce37c57b4cd98db5735cffbf1eab,Spielfilm,1924,Deutschland,,,Willy Reiber,,"Georg Heinrich Schnell: Thomas Brey, Olga Gsovskaja: Allan, dessen Nichte, Helena Makowska: Lucienne d’Or, Harry Reve: Boxer Harry",,,,Georg Asagaroff,,,,,"Franz Koch, Wilhelm Kiermeier",,Leo Pasetti,,,,,,,,,,,Georg Asagaroff,,,,,,,,,,,,,,
Die lockende Gefahr,https://www.filmportal.de/film/die-lockende-gefahr_78f91c7e30fb4f469167512e5b132017,Spielfilm,1924,Deutschland,,,Bernhard Schwidewski,,"Simone Vaudry, Eugenie Otzoup, Margarete Kupfer, Frida Richard, Paul Menant, Curt Doerry, Hermann Picha, Karl Victor Plagge, Karl Harbacher, Adolf Klein",,,,Franz Schulz,,,,,Gustave Preiß,,,,,,,,,,Progreß-Film Gmb: H (Berlin),,,Josef Stein,,,,,,,,,,,,,,
Lord Reginalds Derbyritt,https://www.filmportal.de/film/lord-reginalds-derbyritt_f9b8a8d43d234bf5ab5ded6476be0012,Spielfilm,1924,Deutschland,,,Julian Ballenstedt,,"Ernst Hofmann, Uschi Elleot, Jutta Jol, Ralph Arthur Roberts, Karl Platen, Rudolf Klein-Rohden, Wilhelm Kaiser-Heyl, Fritz Kampers",,,,Paul Günther,,,,,Heinrich Gärtner,,,,,,,,,,,,,Arthur Teuber,,,,,,,,,,,,,,
Die Luftfahrt über den Ozean. Haralds kühnstes Abenteuer,https://www.filmportal.de/film/die-luftfahrt-ueber-den-ozean-haralds-kuehnstes-abenteuer_265332ebd5ef4953a5f9ab7c5445aea5,Spielfilm,1924,Deutschland,,,,,"Alf Blütecher, Barbara von Annenkoff, Christian Bummerstedt",,,,,,,,,,,,,,,,,,,,,,Wolfgang Neff,,,,,,,,,,,,,,
Lumpen und Seide,https://www.filmportal.de/film/lumpen-und-seide_b0cb9528c1a64fe987291c205b1fab37,Spielfilm,1924,Deutschland,,,Kurt Richter,,"Reinhold Schünzel: Max, Mary Parker: Irene, Johannes Riemann: Erik, ihr Mann, Einar Hanson: Werner, sein Bruder, Maly Delschaft: Ulrike, Gesellschafterin, Mary Kid: Hilde, ein Mädchen aus dem Volke, Ferdinand Bonn: Hildes Vater",,,,"Adolf Lantz, Heinz Goldberg",,,,,"Mutz Greenbaum, Emil Schünemann",,,,Artur Rebner,,"Hugo Hirsch (Titelsong  ""Shimmy"")",,,,Richard Oswald-Film AG (Berlin),,,Richard Oswald,,,,,,,,,,96,"35mm, 1:1,33","s/w, stumm",,
Das Mädchen aus dem Kaufhaus,https://www.filmportal.de/film/das-maedchen-aus-dem-kaufhaus_23c3606383084f4d9d1e402497a61a9c,Spielfilm,1924,Deutschland,,,,,,,,,,,,,,,,,,,,,,,,,,,,,,,,,,,,,"5 Akte, 1358 m","35mm, 1:1.33","s/w, stumm",,
"Mädchen, die man nicht heiratet",https://www.filmportal.de/film/maedchen-die-man-nicht-heiratet_07e955d1cb454e0ca3cc5ea791fabd06,Spielfilm,1924,Deutschland,,,,,"Ellen Kürty: Das Mädchen, das man nicht heiratet, Karl Beckersachs: Der Ladenprinz, Paul Otto: Der Schiebergraf, Hans Mierendorff: Er, Peter Arnolds: Der junge Mann aus guter Familie, Ellen Kürlidas Mädchen, das man nicht heiratet, Henri Peters-Arnoldsder junge Mann aus guter Familie, Clementine Plessner, Ernestine Costa, Ellen Heel, Grete Hollmann, Margarete Kupfer, Helene von Bolváry, Albert Steinrück, Fred Köster, Großmann, Georg Heinrich, Walter Lantzsch, August Wisbeck",,,,Margarete M. Langen,,,,,,,,,,,,,,,,,,Géza von Bolváry,,,,,,,,,,"5 Akte, 1804 m",,"s/w, stumm",,
Das Mädel von Capri,https://www.filmportal.de/film/das-maedel-von-capri_f66f8be6b3684679a55e84f15be36791,Spielfilm,1924,Deutschland,,,"Hans Sohnle, Otto Erdmann",,"Lya Mara, Ulrich Bettac, Robert Scholz, Hermann Böttcher, Julia Serda, Ernst Dernburg",,,,,,,,,"Mutz Greenbaum, Gustave Preiß",,,,,,,,,,Zelnik-Mara-Film Gmb: H (Berlin),,,Friedrich Zelnik,,,,,,,,,,,,,,
Das Mädel von Pontecuculi,https://www.filmportal.de/film/das-maedel-von-pontecuculi_eff2906f5bc54b60922f9390f479484d,Spielfilm,1924,Deutschland,,,,,"Ada Svedin: Pipsi, Tochter des Bürgermeisters, Charles Willy Kayser: Carlo XVII., Fürst von Ponteredo / Octav d’Olbert,, Hermann Böttcher: Graf Dodo Caramba Formanoli, Hofmarschall, Emil Stammer: Nicodemus Carnero, Bürgermeister, Rudi Oehler: Bonaventura Baldrian, Komiker, Ellen Isenta: Innozencia Primarose, Schauspielerin",,,,O. A. Witte,,,,,Emil Schünemann,,,,,,Hans Ailbout (Kino-Musik),,Richard Schönian,,,,,Ludwig Czerny,,,,,,,,,,,,,,
Die malayische Dschonke,https://www.filmportal.de/film/die-malayische-dschonke_e9874547dba7498ca49adcbd8fb6f1b0,Spielfilm,1924,Deutschland,,,Max Heilbronner,,"Ernst Reicher: Stuart Webbs, Alexandra Sorina, Arnold Marlé, Magda Simon, Ernst Bosser, Claire Kronburger, Jack Mylong-Münz",,,,,,,,,Alfons Brümmer,,,,,,,,,,,,,Max Obal,,,,,,,,,,,,,,
Malva,https://www.filmportal.de/film/malva_c9e16faf666a4944b0488e7ab131f05b,Spielfilm,1924,Deutschland,,,Willi A. Herrmann,,"Lya de Putti: Malva, Ernst Rückert: Tassilo, Leutnant der Grenz-Gendarmen, Tronier Funder: Bosco, Sergeant, Hans Adalbert Schlettow: Tadzio, Erich Kaiser-Titz: Grigori",,,,"Rolf E. Vanloo, Robert Dinesen",,,,,Julius Balting,,,,,,,,,,Phoebus-Film AG (Berlin),,,Robert Dinesen,,,,,,,,,,,"35mm, 1:1,33","s/w, Ohne Ton",,
Der Mann ohne Nerven,https://www.filmportal.de/film/der-mann-ohne-nerven_632eae576a25418b81c7fccdc7d1e408,Spielfilm,1924,Deutschland/Frankreich,,,Fritz Kraencke,,"Harry Piel: Der Mann ohne Nerven, Albert Paulig: Henry Ricold, Direktor des Ikarus Verlages, Marguerite Madys: Yvette, seine Frau, Paul GuidéHector Marcel, Herzog de Frontignac-Epinay, Dary Holm: Aud Egede Christensen, Denise Legeay: Lizzie, José Davert: Jack Brown, Hermann Picha: Der Notar des Herzogs",,,,"Edmund Heuberger, Herbert Nossen, Harry Piel",,,,,"Georg Muschner, Gotthardt Wolf",,,,,,,,,,Hape-Film Co. Gmb: H (Berlin),,"Harry Piel, Heinrich Nebenzahl","Harry Piel, Gérard Bourgeois",Gérard Bourgeois,,,,,,,,,,,,,
Der Mann um Mitternacht,https://www.filmportal.de/film/der-mann-um-mitternacht_e35f6860bf6c4ecf88a83981151932df,Spielfilm,1924,Deutschland,,,Alfred Junge,,"Hella Moja, Olaf Fjord, Henrik Malberg, Holger-Madsen, Karl Etlinger, Claire Rommer, Erling Hanson, Adolphe Engers, Claus Hemmersbach",,,,"Marie-Louise Droop, Holger-Madsen",,,,,Willy Goldberger,,,,,,,,,,,,,Holger-Madsen,,,,,,,,,,,,,,
Marie d'Amour und ihre Liebhaber,https://www.filmportal.de/film/marie-damour-und-ihre-liebhaber_813d9791cf67481aa9fa2265f5612d3b,Spielfilm,1924,Deutschland,,,,,"Hanni Weisse, Karl Falkenberg, Hans Junkermann, Sybil Morel, Charly Berger, Erna Thiele",,,,Hans Gaus,,,,,Georg Muschner,,,,,,,,,,,,,Kurt Brenken,,,,,,,,,,"4 Akte, 1365 m","35mm, 1:1.33","s/w, stumm",,
Marodeure der Liebe,https://www.filmportal.de/film/marodeure-der-liebe_03eeee7858944891858c2524269af7b0,Spielfilm,1924,Deutschland,,,,,,,,,,,,,,,,,,,,,,,,,,,,,,,,,,,,,,,,,
Mater dolorosa,https://www.filmportal.de/film/mater-dolorosa_165e0ab431424bb6b07a7c7cc705cf60,Spielfilm,1924,Deutschland,,,,,"Ilka Grüning, Margarete Kupfer, Hanni Weisse, Edith Edwards, Rudolf Klein-Rohden, Paul Bildt, Victor Colani, Gustav May, Bobby Bender, Adolf Wohlbrück",,,,Bobby E. Lüthge,,,,,Max Lutze,,,,,,,,,,,,,Joseph Delmont,,,,,,,,,,,"35mm, 1:1,33","s/w, stumm",,
Maud Rockfellers Wette,https://www.filmportal.de/film/maud-rockfellers-wette_622ec7601d8640669075f80e8124d233,Spielfilm,1924,Deutschland,,,Max Frick,,"Karl Elzer: John Rockefeller, Rita Clermont: Maud, seine Schwester, Erich Kaiser-Titz: Mac Williams, Kurt Vespermann: Bill Wellwood, Vera Skidelsky: Alice, Mauds Freundin",,,,"Franz Eckstein, Erich Eriksen",,,,,Franz Stein,,,,,,,,,,,,,Erich Eriksen,,,,,,,,,,,,,,
Mein Leopold,https://www.filmportal.de/film/mein-leopold_a6570c21fafb4893b37826caa6de0e4c,Spielfilm,1924,Deutschland,,,Erich Czerwonski,,"Arthur Kraußneck: Gottlieb Weigelt, Schuhmachermeister, Käte Haack: Klara, seine Tochter, Georg Alexander: Komponist, Leo Peukert: Werkführer, Gustav Botz: Zernikow, Stadtrichter, Paula Conrad-Schlenther: Amalie, seine Frau, Renate Rosner: Marie, beider Tochter, Lotte Steinhoff: Lotte, beider Tochter, Erna Sydow: Demoiselle Andersen, Tänzerin, Georg John: Nibisch, Geldverleiher, Lotte Reinicke: Minna, Dienstmädchen",,,,,,,,,"Albert Schattmann, Hermann Böttger",,Änne Willkomm,,,,,,,,,,,Heinrich Bolten-Baeckers,,,,,,,,Adolphe L'Arronge (Bühnenstück),,,,,,
Mensch gegen Mensch,https://www.filmportal.de/film/mensch-gegen-mensch_c22ad3f3122e49c6a2b3fc828f6c9127,Spielfilm,1924,Deutschland,,,Oskar Friedrich Werndorff,,"Hans Mierendorff, Mady Christians, Alfred Abel, Olga Belajeff, Tullio Carminati, Ferdinand von Alten, Wilhelm Diegelmann, Harry Lamberts-Paulsen, Albert Paulig, Paul Rehkopf, Heinrich Gotho",,,,"Norbert Jacques, Adolf Lantz",,,,,Werner Brandes,,,,,,,,,,Gloria-Film Gmb: H (Berlin),,,Hans Steinhoff,,,,,,,,,,"6 Akte, 2477 m","35mm, 1:1,33","s/w, stumm",,"Zensur (DE): 10.11.1924, B.09299, Verbot"
Menschen im Nebel,https://www.filmportal.de/film/menschen-im-nebel_90463324ea434e70a32ee4d514afb202,Spielfilm,1924,Deutschland,,,,,"Sascha Gura, Hanni Reinwald, Carl Auen, Robert Scholz, Magnus Stifter, Bengt Aage",,,,"Ada van Roon, Gernot Bock-Stieber",,,,,,,,,,,,,,,,,,Gernot Bock-Stieber,,,,,,,,,,,,,,
Michael,https://www.filmportal.de/film/michael_761047dfd4cd4145835688766b8c8569,Spielfilm,1924,Deutschland,,,Hugo Häring,,"Walter Slezak: Eugène Michael, Benjamin Christensen: Claude Zoret, Nora Gregor: Fürstin Zanikow, Alexander Murski: Herr Adelskjold, Grete Mosheim: Frau Adelskjold, Didier Aslan: Herzog Monthieu, Robert Garrison: Kunstkritiker Charles Switt, Max Auzinger: Majordomus, Karl Freund: Kunsthändler Leblanc, Wilhelmine Sandrock: Herzoginwitwe, Eugène de Klotz: Baron",,,,"Thea von Harbou, Carl Theodor Dreyer",,,,,"Karl Freund, Rudolph Maté (Außenaufnahmen)",Robert Baberske,,,,,"Hans Joseph Vieth (Bei der Uraufführung), Pierre Oser (1994 + Restaurierte und digitalisierte Fassung)",,,Peter Tschaikowski (Motive),Decla-Bioscop AG (Berlin),,Erich Pommer,Carl Theodor Dreyer,,,,,,,,"Herman Bang (Roman ""Mikael"")",Universum-Film AG (UFA) (Berlin),"6 Akte, 1966 m",35mm,"s/w, stumm",,
Mister Radio,https://www.filmportal.de/film/mister-radio_f8901abb5f094d619aa03f389cb5172c,Spielfilm,1924,Deutschland,,,Willi A. Herrmann,,"Luciano Albertini: Gaston de Montfort, Evi Eva: Marion, Magnus Stifter: Joe Swalzen, Bankier, ihr Vater, Fred Immler: Girondin, sein Sekretär, Agnes Nero: Gräfin Jeanne de Montfort, Gastons Mutter, Annie Gorilowa: Edy Duflos, Robert Scholz: Industrieller, Angelo Rossi: Bergführer, Mario Fossati: Journalist, M. Leonhard: Apache",,,,"Ernest Bouthley, Nunzio Malasomma",,,,,"Willy Großstück, Eduardo Lamberti",,,,,,Bernd Thewes (Restaurierte und digitalisierte Fassung),,,,Phoebus-Film AG (Berlin),,,Nunzio Malasomma,,,,,,,,,,"1902 m, 78 min",35mm,"s/w, stumm",,
Moderne Ehen,https://www.filmportal.de/film/moderne-ehen_2f85ba09bbf541bb8d0ce36208a2f2f5,Spielfilm,1924,Deutschland,,,,,"Alexander S. Polonsky: Prof. Holstein, Helena Makowska: Thea Holstein, seine Frau, Ernst Stahl-Nachbaur: Baron von Norden, Claude France: Baronin Norden, Harry Nestor: Dr. Fritz Röller, Fritz Kortner: Diener, Ellen Reith: Baroness Bassian, H. Weil: Fritz von Hardt, Paul Askonas: Generaldirektor Möller, Wilhelm Dieterle: Prof. Heinrich",,,,,,,,,"Fritz Baier, Gustav Roth",,,,,,,,,,Weltfilm Karl Wiesel (München),,,Hans Otto Löwenstein,,,,,,,,,,,,,,
Der Mönch von Santarem,https://www.filmportal.de/film/der-moench-von-santarem_758137df848b4c6aba6e53b8a6106b95,Spielfilm,1924,Deutschland,,,Ernst Stern,,"Alf Blütecher, Emmy Förster, Manja Tzatschewa, Evi Eva, Alice de Finetti, Magnus Stifter, Walter Rilla",,,,Ruth Goetz,,,,,Leopold Kutzleb,,"Leopold Verch, Peter A. Becker",,,,,,,,Suprema-Film Gmb: H (Berlin),,,Lothar Mendes,,,,,,,,Almeida Garrett,,2622 m,35mm,"s/w, stumm",,
Die Motorbraut,https://www.filmportal.de/film/die-motorbraut_6df55cda83b24985a66668b1bea640cb,Spielfilm,1924,Deutschland,,,Jacek Rotmil,,"Hans Mierendorff: Johann Amberg, Großindustrieller, Lee Parry: Eva, seine Tochter, Ernst Hofmann: Hans von Corell, Angelo Ferrari: Frank Bruhn, Ingenieur, Sinaida Korolenko: Lilli, seine Schwester, Max Grünberg: Heinz Ellhof, Geiger, Erwin van Roy: Gottlieb Daffke, ein Vagabund, Hans Sturm: Gustav Briese, Werkmeister, Margarete Kupfer: Marta, seien Frau, Gerhard Ritterband: Max, ein Lehrjunge, Lilian Harvey: Double für Lee Parry",,,,Helmuth Ortmann,,,,,"Heinrich Gärtner (Fotografische Leitung), Erich Grimmler",,,,,,,,,,Eichberg-Film Gmb: H (Berlin),,Richard Eichberg,Richard Eichberg,,,,,,,,,Südfilm AG (Berlin),"6 Akte, 2432 m","35mm, 1:1,33",s/w,,"Zensur (DE): 06.12.1924, B.09461, Jugendverbot"
Muß die Frau Mutter werden ?,https://www.filmportal.de/film/muss-die-frau-mutter-werden_fb2dcb5974414bd99646c7f855f36256,Spielfilm,1924,Deutschland,,,,,"Hanna Ralph, Erika Glässner, Harry Liedtke, Paul Otto, Käthe Dorsch",,,,Georg Jacoby,,,,,,,,,,,,,,,,,,"Hans Otto Löwenstein, Georg Jacoby",,,,,,,,,,"6 Akte, 1374 m",,stumm,,"Zensur (DE): 25.04.1925, O.00209, Jugendverbot"
Mutter und Kind,https://www.filmportal.de/film/mutter-und-kind_0ea33a0886424a83a6519736c19d6b57,Spielfilm,1924,Deutschland,,,"Hans Sohnle, Otto Erdmann",,"Henny Porten: Lene, Köchin, Wilhelm Dieterle: Christian, Kutscher, Friedrich Kayßler: Senator Hansen, Erna Morena: Renate, seine Frau, Willy Fritsch: Werner, sein Neffe, Wilhelm Diegelmann: Hausarzt, Arnold Rieck: Schuster, Hanne Brinkmann: Schusterin, Hugo Landsberger: Pastor, Loni Nest: Kind",,,,"Robert Liebmann, Walter Supper",,,,,"Gustave Preiß, Willibald Gaebel",,,,,,,,,,Froelich-Film Gmb: H (FFG) (Berlin),,,Carl Froelich,,,,,,,,,,,,,,
Mutter und Sohn,https://www.filmportal.de/film/mutter-und-sohn_78b5ee9161264732939ee11d71e4b2cf,Spielfilm,1924,Deutschland,,,,,"Frida Richard, Ulrich Bettac, Eduard von Winterstein, Cleo d'Osterode, Hermann Picha, Camilla Spira",,,,Alfred Schirokauer,,,,,Wilhelm Kiermeier,,,,,,,,,,,,,Alfred Schirokauer,,,,,,,,,,,"35mm, 1:1,33","s/w, stumm",,
Nanon,https://www.filmportal.de/film/nanon_85c742742f784b85b7b30dab2fbe6c5a,Spielfilm,1924,Deutschland,,,Stefan Lhotka,,"Gräfin Agnes Esterhazy: Nanon, Harry Liedtke: Marquis d'Aubigne, Hanni Weisse: Ninon de l'Enclos, Leopold von Ledebur: König Ludwig XIV., Julia Serda: Madame de Maintenon, Hans Junkermann: Hofmarschall des Königs, Hans Waßmann: Marquis de Marsillac, Eugen Rex: Hector de Marsillac, Fritz Kampers: Offizier im Regiment Languedoc Frontenac, Carl W. Tetting: Durand 		Chevalier Houlières, Marga Rheis: Junge Dame, Harry Hardt: Bruder der Dame, Hugo Döblin: Notar, Margarete Kupfer: Dienstmagd bei Nanon 		Jacqueline, Jakob Tiedtke: Koch des Königs, Otto Reinwald: Page der Ninon 	Gaston, Willi Allan: Mohr der Ninon",,,,"Max Jungk, Julius Urgiß",,,,,"Arpad Viragh, Hans Scheib, Julius Reinwald",,,,,,,,,,,,,Hanns Schwarz,,,,,Walter Lichtenstein,,,,,,"35mm, 1:1,33","s/w, stumm",,
Der Narr und die Anderen,https://www.filmportal.de/film/der-narr-und-die-anderen_bac1e5106d3346f08f5cda33259c1a63,Spielfilm,1924,Deutschland,,,Carl Ludwig Kirmse,,"Charles Willy Kayser, Robert Scholz, Ludwig Rex, Otto Reinwald, Siegfried Dessauer, Hanni Reinwald, Rita Clermont, Mila de Yongh, Gernot Bock-Stieber",,,,"Ada van Roon, Gernot Bock-Stieber",,,,,Josef Dietze,,,,,,,,,,,,,Gernot Bock-Stieber,,,,,,,,,,,,,,
Narrenliebe,https://www.filmportal.de/film/narrenliebe_2f2aae0473c84f069cb86b7a1370744f,Spielfilm,1924,Deutschland,,,,,,,,,,,,,,,,,,,,,,,,,,,,,,,,,,,,,"5 Akte, 1312 m",,,,
Neuland oder Das glückhaft Schiff,https://www.filmportal.de/film/neuland-oder-das-glueckhaft-schiff_7e430086406241a19f2d070f4bf54e99,Spielfilm,1924,Deutschland,,,"Walter Reimann, Fritz Lück, Curt Kahle",,"Otto Gebühr: Henri Swald / Christoph Columbus, Aud Egede-Nissen: Felicitas Wilde, Reinhold Schünzel: Hein, Mann von der Gasse / Meuterer, Käthe Richter: Heins Frau, Josef Dischner: Herr Spiekermann, Hanna Bartz: Frl. Spiekermann, Willy Grunwaldihr Onkel, Max Gülstorff: Prokurist und Diener im Hause Swald, Georg John: Matrose, Viktor Schwannekealter Schmierenschauspieler",,,,"Hans Behrendt, Erich Pabst",,,,,"Curt Helling, Helmar Lerski, Theodor Sparkuhl, Erich Waschneck",,,,,,Willy Schmidt-Gentner (Kino-Musik),,,,Otto Gebühr-Film Gmb: H (Berlin),,Otto Gebühr,Hans Behrendt,,,,,,,,,,"6 Akte, 2030 m","35mm, 1:1,33","s/w, stumm","Uraufführung (SE): August 1924, Stockholm",
Die Nibelungen (2 Teile),https://www.filmportal.de/film/die-nibelungen-2-teile_5d5eb20f9cee4a7caa647996dfd4cab1,Spielfilm,1924,Deutschland,"Rudi George, Gustav Püttjer",,"Otto Hunte, Erich Kettelhut (Mitarbeit), Karl Vollbrecht (Mitarbeit und Bau des Drachens)",,"Margarethe Schön: Kriemhild, Paul Richter: Siegfried, Hans Adalbert Schlettow: Hagen Tronje, Bernhard Goetzke: Volker von Alzey, Theodor Loos: König Gunther, Erwin Biswanger: Giselher, Georg John: Schmied Mime + Nibelung Alberich, Gertrud Arnold: Königin Ute, Hardy von François: Dankwart, Hans Carl Müller: Gerenot, Georg Jurowski: Priester, Iris Roberts: Edelknabe, Frida Richard: Runenmagd, Rudolf Rittner: Markgraf Rüdiger von Bechlarn, Aenne Röttgen: Dietlind von Bechlarn, Rudolf Klein-Rogge: König Etzel (2.Teil), Hubert Heinrich: Spielmann Werbel (2.Teil), Hanna Ralph: Brunhild (in Rückblende) ???, Fritz Alberti: Dietrich von Bern (2.Teil), Georg August Koch: Hildebrand (2.Teil), Grete Berger: Hunnin (2.Teil )",,,,Thea von Harbou,,,,,"Carl Hoffmann, Günther Rittau",Günther Anders,"Änne Willkomm, Heinrich Umlauff (Hunnenkostüme. 2.Teil), Paul Gerd Guderian (während der Dreharbeiten verstorben)",,,Otto Genath,"Gottfried Huppertz (1924), Konrad Elfers (1965)",,,,Decla-Bioscop AG (Berlin),,Erich Pommer,Fritz Lang,,Heinrich Umlauff (Hunnenrequisiten. 2.Teil),Paul Falkenberg (?),,Horst von Harbou,,,,Universum-Film AG (UFA) (Berlin),,35mm,"s/w, stumm","Uraufführung (DE): 14.02.1924, Berlin, Ufa-Palast am Zoo [Teil 1]","Zensur (DE): 27.01.1931, B.19871"
Die Nibelungen. 1. Teil: Siegfried,https://www.filmportal.de/film/die-nibelungen-1-teil-siegfried_64af520ff2094739b8d0ff39808ded8c,Spielfilm,1924,Deutschland,"Rudi George, Gustav Püttjer",,"Otto Hunte, Erich Kettelhut (Mitarbeit), Karl Vollbrecht (Mitarbeit - Drachenbau)",,"Paul Richter: Siegfried, Margarethe Schön: Kriemhild, Hanna Ralph: Brunhild, Theodor Loos: König Gunther, Hans Adalbert Schlettow: Hagen Tronje, Bernhard Goetzke: Volker von Alzey, Erwin Biswanger: Giselher, Georg John: Schmied Mime - Nibelung Alberich, Gertrud Arnold: Königin Ute, Hans Carl Müller: Gerenot, Hardy von François: Dankwart, Frida Richard: Runenmagd, Georg Jurowski: Priester, Iris Roberts: Edelknabe, Rudolf Rittner: Markgraf Rüdiger von Bechlarn, Gerhard Bienert",,,,Thea von Harbou,,,,,"Carl Hoffmann, Günther Rittau",Günther Anders,"Paul Gerd Guderian (Während der Dreharbeiten verstorben), Änne Willkomm",,,Otto Genath,"Gottfried Huppertz (1924), Konrad Elfers (1965), Marco Jovic (Digitalisierte Fassung (Gottfried Huppertz rekonstruiert und synchronisiert i.A. von ZDF/Arte)), Frank Strobel (Digitalisierte Fassung (Gottfried Huppertz rekonstruiert und synchronisiert i.A. von ZDF/Arte))",,,,Decla-Bioscop AG (Berlin),,Erich Pommer,"Fritz Lang, Franz B. Biermann (Bearbeitung der Tonfassung)",,,Paul Falkenberg (?),,Horst von Harbou,,,,Universum-Film AG (UFA) (Berlin),"3210 m, 118 min bei 24 b/s","35mm, 1:1,33","s/w, stumm","Uraufführung (DE): 14.02.1924, Berlin, Ufa-Palast am Zoo",
Die Nibelungen. 2. Teil: Kriemhilds Rache,https://www.filmportal.de/film/die-nibelungen-2-teil-kriemhilds-rache_477e85b456ee4e4fa079f7dcd3d169b1,Spielfilm,1924,Deutschland,"Rudi George, Gustav Püttjer",,"Otto Hunte, Erich Kettelhut (Mitarbeit), Karl Vollbrecht (Mitarbeit)",,"Frida Richard: Runenmagd, Margarethe Schön: Kriemhild, Rudolf Klein-Rogge: König Etzel, Theodor Loos: König Gunther, Hans Carl Müller: Gerenot, Erwin Biswanger: Giselher, Hans Adalbert Schlettow: Hagen Tronje, Rudolf Rittner: Markgraf Rüdiger von Bechlarn, Bernhard Goetzke: Volker von Alzey, Fritz Alberti: Dietrich von Bern, Gertrud Arnold: Königin Ute, Georg John: König Etzels Bruder Blaodel, Hubert Heinrich: Spielmann Werbel, Georg August Koch: Hildebrand, Grete Berger: Hunnin, Paul Richter: Siegfried - in der Rückblende, Hardy von François: Dankwart, Georg Jurowski: Priester, Iris Roberts: Edelknabe, Aenne Röttgen: Tochter Dietlind von Bechlarn, Hanna Ralph: Brunhild - in der Rückblende, Ernst Legal, Rosa Liechtenstein",,,,Thea von Harbou,,,,,"Carl Hoffmann, Günther Rittau",Günther Anders,"Paul Gerd Guderian (Während der Dreharbeiten verstorben), Änne Willkomm, Heinrich Umlauff (Hunnenkostüme)",,,Otto Genath,"Gottfried Huppertz (1924), Konrad Elfers (1924), Marco Jovic (Digitalisierte Fassung (Gottfried Huppertz rekonstruiert und synchronisiert i.A. von ZDF/Arte)), Frank Strobel (Digitalisierte Fassung (Gottfried Huppertz rekonstruiert und synchronisiert i.A. von ZDF/Arte))",,,,Decla-Bioscop AG (Berlin),,Erich Pommer,Fritz Lang,,Heinrich Umlauff (Hunnenrequisiten),Paul Falkenberg,,Horst von Harbou,,,,Universum-Film AG (UFA) (Berlin),3358 m,"35mm, 1:1,33","s/w, stumm","Uraufführung (DE): 26.04.1924, Berlin, Ufa-Palast am Zoo",
Niniche,https://www.filmportal.de/film/niniche_ab48d335d46f4ec9ba55255cf1971e2d,Spielfilm,1924,Deutschland,,,Jacek Rotmil,,"Ossi Oswalda: Niniche, Victor Janson: Jonathan Dickson, Livio C. Pavanelli: Harald Cliffton, Gerhard Ritterband: Emil, Boy",,,,"Robert Liebmann, Franz Rauch",,,,,Willibald Gaebel,,,,,,Bruno Schulz (Kino-Musik),,,,,,,Victor Janson,,,,,,,,,,,,,,
Nju,https://www.filmportal.de/film/nju_3026c4c101aa4c12aeff1af3e936a48d,Spielfilm,1924,Deutschland,,,"Paul Rieth (Entwurf), Bohumil Heš (Ausführung)",,"Elisabeth Bergner: Nju, Emil Jannings: Ehemann, Conrad Veidt: Liebhaber, Nils Edwall: Kind, Maria Bard: Kindermädchen, Margarete Kupfer, Grete Lundt, Aenne Röttgen, Maria Forescu, Karl Platen, Walter Werner, Max Kronert, Fritz Ley",,,,Paul Czinner,,,,,"Axel Graatkjær, Reimar Kuntze",,,,,,"Bruno Schulz (1924 - Alhambra, Berlin)",,,,Rimax-Film AG (Berlin),,Paul Czinner,Paul Czinner,,,,,,,,"Ossip Dymow (Bühnenstück ""Nju"")",,,"35mm, 1:1,33","s/w, stumm",,
Orient,https://www.filmportal.de/film/orient_3ab38bd5e00842599a5644b12d27177e,Spielfilm,1924,Deutschland,,,"Stefan Lhotka, Leo Goldberger",,"Harry Liedtke: Harry Russin, Viggo Larsen: Bob, sein Freund, Magnus Stifter: Scheich, Maria Jacobini: Katja / Yamile, Arthur Wellin: Mohand, Leopold von Ledebur: Mifud, Louis Ralph: Max, Sergio Mari: Izzet",,,,"Nunzio Malasomma, Gennaro Righelli",,,,,"Arpad Viragh, Julius Reinwald",,,,,,,,,,,,,Gennaro Righelli,,,,,Walter Lichtenstein,,,,,,,,,
Die Perlen des Dr. Talmadge,https://www.filmportal.de/film/die-perlen-des-dr-talmadge_730ba4075bb5411db14b2ff54f9dd9fa,Spielfilm,1924,Deutschland,,,Max Heilbronner,,"Ernst Reicher: Stuart Webbs, Hermann Pfanz, Jack Mylong-Münz, Alexandra Sorina, Fritz Greiner, Claire Kronburger",,,,,,,,,Alfons Brümmer,,,,,,,,,,,,,Max Obal,,,,,,,,,,2180 m,"35mm, 1:1,33",s/w,,
Die Perücke,https://www.filmportal.de/film/die-peruecke_423ebc8d7a1348f8818b7750ef48c288,Spielfilm,1924,Deutschland,,,Walter Reimann,,"Otto Gebühr: Querulin und Fürst, Jenny Hasselqvist: Fürstin, Henry Stuart: Julian, Karl Platender alte Diener, Fred Goebel: Der junge Dichter, Jaro Fürth: Nervenarzt, Lilian Järnefeld: Zofe",,,,Berthold Viertel,,,,,Helmar Lerski,,,,,,,,,,Westi-Film Gmb: H (Berlin),,,Berthold Viertel,,,,,,,,,,,"35mm, 1:1,33","s/w, stumm",,
Prater. Die Erlebnisse zweier Nähmädchen,https://www.filmportal.de/film/prater-die-erlebnisse-zweier-naehmaedchen_920a7d288b5f475d88ac327664aef24e,Spielfilm,1924,Deutschland,,,"Hans Sohnle, Otto Erdmann",,"Henny Porten: Annemarie, Claire Lotto: Franzi, Ossip Runitsch: Graf Rynon, Angelo Ferrari: Marquis de Monroir, Gertrud de Lalsky: Mutter des Marquis, Lilian Järnefeld: Gräfin Wy, Friedrich Lobe: Diurnist, Johannes Riemann: Fritz, Lokomotivführer, Carl de Vogt: Martin, Matrose, Auguste Prasch-Grevenberg: Amme, Friedrich Kühne: Strolch",,,,Peter Paul Felner,,,,C. Lyn,"Gustave Preiß, Mutz Greenbaum",,,,,,,,,,Atlantic-Film Gesellschaft der Westi-Film Gmb: H (Berlin),Julius Wachtel,,Peter Paul Felner,,,,,,,,,,,,,,
Professor Nardi,https://www.filmportal.de/film/professor-nardi_045b6d345e004ede97f1525afb279cf0,Spielfilm,1924,Deutschland,,,,,"Ludwig Trautmann, Adolf Wenter, Stella Harf, Reinhold Eichacker",,,,,,,,,,,,,,,,,,,,,,Adolf Wenter,,,,,,,,,,"6 Akte, 2991 m",,stumm,,
Die Puppe vom Lunapark,https://www.filmportal.de/film/die-puppe-vom-lunapark_d0b9918b17c740279be18e0da856a313,Spielfilm,1924,Deutschland,,,Franz Schroedter,,"Alice Hechy, Fritz Rasp, Anna von Palen, Peter Berneis, Hermann Vallentin, Eugen Rex, Adolphe Engers, Jenny Jugo, Walter Rilla",,,,Hans Brennert,,,,,"Paul Holzki, Karl Koennecke",,,,,,,,,,Westi-Film Gmb: H (Berlin),,,Jaap Speyer,,,,,,,,,,"6 Akte, 1761 m","35mm, 1:1.33","s/w, stumm",,"Zensur (DE): 23.12.1924, B.09585, Jugendverbot"
Die Puppenkönigin,https://www.filmportal.de/film/die-puppenkoenigin_f351da44716a4eaaaa89c563825227cf,Spielfilm,1924,Deutschland,,,"Stefan Lhotka, Leo Goldberger",,"Maria Jacobini, Harry Liedtke, Viggo Larsen, Margarete Kupfer, Hans Waßmann, Erra Bognar, Hugo Döblin, Ida Wüst",,,,"Nunzio Malasomma, Gennaro Righelli",,,,,"Arpad Viragh, Julius Reinwald",,,,,,,,,,,,,Gennaro Righelli,,,,,,,,,,,,,,
Die Radio-Heirat,https://www.filmportal.de/film/die-radio-heirat_83fc377dfcc74887bab4a76f6bb3cd7c,Spielfilm,1924,Deutschland,,,Paul Rieth,,"Maria Bard, Eduard von Winterstein, Hermann Thimig, Albert Paulig, Erna Bahls, Ferdinand von Alten, Konstanze Grobe, Paul Biensfeldt, Hans Waßmann, Alexander Granach, Jakob Tiedtke, Adele Sandrock, Hans Behrendt, Josef Dischner, Max Pohl, Franz Schönfeld, Hans Junkermann, Ernst Pittschau, Erwin Kopp, Karl Platen, Alfred Paster",,,,"Wilhelm Prager, Willy Rath",,,,,Vilmos Fényes,,,,,,,,,,,,,Wilhelm Prager,,,,,,,,,,,,,,
Das Rennen des Todes,https://www.filmportal.de/film/das-rennen-des-todes_c0682bbb8d7a49f99551258d8d418341,Spielfilm,1924,Deutschland,,,Gustav A. Knauer,,"Grete Reinwald, Ferdinand von Alten, Wilhelm Diegelmann, Josef Commer, Carlos Ruiz, Ralph Mathari: Fred Blad, Karl Peter Gillmann: Charly Cooper, Nico Zeh: Willy Dinn, sein Freund",,,,,,,,,"Ivar Petersen, Otto Hermann",,,,,,,,,,,,,Nico Zeh,,,,,,,,,,"5 Akte, 1370 m",,stumm,,"Zensur (DE): 11.08.1924, B.08809, Verbot"
Der Roman der Lilian Hawley,https://www.filmportal.de/film/der-roman-der-lilian-hawley_97ee04385cd640aca319b8d49930951a,Spielfilm,1924,Deutschland,,,Robert Neppach,,"Livio C. Pavanelli: Mr. Hawley, Lantelme Durrer: Mr. Hawley, seine Frau, Lotte Neumann: Lilian, deren Schwester, Luigi Serventi: Jonny",,,,Paul Helwig,,,,,Emil Schünemann,,,,,,,,,,,,,Franz W. Koebner,,,,,,,,,,,"35mm, 1:1.33","s/w, stumm",,
Rosenmontag,https://www.filmportal.de/film/rosenmontag_004ae0ab447c43ec8f03ce5865e8c83d,Spielfilm,1924,Deutschland,,,"Hermann Warm, General Albert von Voss (Beratung)",,"Gerd Briese, Helga Thomas, Maria Reisenhofer, Franz Schönfeld, Franz W. Schröder-Schrom, Charles Willy Kayser, Alfred Braun, Rio Nobile, Otto Reinwald, Ernst Nessler, Jutta Jol, Adele Reuter-Eichberg, Rudolf Maaß",,,,Emanuel Alfieri,,,,,Otto Kanturek,,,,,,Bruno Gellert (Kino-Musik),,,,Internationale Film-AG (Ifa) (Berlin),,Rudolf Meinert,Rudolf Meinert,,,,,,,,,,,,,,
Sabotage,https://www.filmportal.de/film/sabotage_73ee968294a64326bbcf48930fc0a12e,Spielfilm,1924,Deutschland,,,,,"Otto Kronburger: Daniel Freyhart, Fabrikbesitzer, Fritz Greiner: Alf, sein älterer Sohn, Jack Mylong-Münz: Holger, sein jüngerer Sohn, Bertl Schultes: Arno Marling, Bürgermeister und Hammerschmied, Hanna Lierke: Sibyll, seine Tochter, Max Kleber: Hannes, ihr Stiefbruder, ein Blöder, Wilhelm Diegelmann: Fischmeister",,,,Robert Heymann,,,,,"Otto Trippel, Franz Dittmann",,,,,,,,,,Hegewald-Film Gmb: H (Leipzig),,,Wolfgang Neff,,,,,,,,,,,,,,
Der Scheck aufs Leben,https://www.filmportal.de/film/der-scheck-aufs-leben_30abf538504148b9b258452bebfc1b6a,Spielfilm,1924,Deutschland,,,,,Camilla von Hollay,,,,William Kahn,,,,,,,,,,,,,,,William Kahn-Film Gmb: H (Berlin),,,William Kahn,,,,,,,,,,,,,,
Die Schmetterlingsschlacht,https://www.filmportal.de/film/die-schmetterlingsschlacht_82f7e426ef984c418f868c91e1c440d7,Spielfilm,1924,Deutschland,,,Max Frick,,"Asta Nielsen: Rosi Hergentheim, Adele Sandrock: Verwitwete Regierungsrätin Frau Hergentheim, Lori Leux: Rosis Schwester Else, Mary Parker: Rosis Schwester Laura, Hans Brausewetter: Apothekerlehrling Wilhelm Vogel, Paul Bildt: C.  Winkelmann, Grigori Chmara: Max Winkelmann, Reinhold Schünzel: Reisender Richard Keßler, Werner Funck: Graf Kratinsky, Karl Elzer: Hauswirt",,,,"Rosa Porten, Willy Rath",,,,,Franz Stein,,,,,Arnold Jenssen,,,,,,,,Franz Eckstein,,,,,,,,Hermann Sudermann (Komödie),,"6 Akte, 2635 m","35mm, 1:1,33","s/w, stumm",,
Die Schmiede,https://www.filmportal.de/film/die-schmiede_1ff24e2a70d3470a992e936f60dab064,Spielfilm,1924,Deutschland,,,,,Kurt Gerron,,,,,,,,,,,,,,,,,,,Georg H. A. Müter Abtlg. Reichmannfilm,,,Martin Berger,,,,,,,,,,,"35mm, 1:1,33","s/w, stumm",,
Die Schmuggler von Bernina,https://www.filmportal.de/film/die-schmuggler-von-bernina_a2fff324acae4696b97d81ddbef19f9a,Spielfilm,1924,Deutschland,,,,,"Peter Berneis: Kind, Laurenz Ruppert, Oskar Marion, Grete Reinwald",,,,,,,,,,,,,,,,,,,,,,Walther Zürn,,,,,,,,,,,,,,
Das schöne Abenteuer,https://www.filmportal.de/film/das-schoene-abenteuer_d09ef102644042dd8710a3cede44a0a3,Spielfilm,1924,Deutschland,,,Oskar Friedrich Werndorff,,"Vilma Bánky: Bessy Ferguson, Georg Alexander, Ernst Reicher: Micky, Hans Unterkircherseine Hoheit, der Prinz, Wolfgang von Schwindt, Hans Albers: Henry Valescu, verbrecherischer Verwandlungskünstl, Anna Führing, Loni Pyrmont, Eugen Burg: Kriminalinspektor",,,,Robert Liebmann,,,,,Karl Vass,,,,,,Giuseppe Becce (Kino-Musik),,,,Gloria-Film Gmb: H (Berlin),,,Manfred Noa,,,,,,,,,,2689 m,"35mm, 1:1,33","s/w, stumm",,
Die schönste Frau der Welt,https://www.filmportal.de/film/die-schoenste-frau-der-welt_8c48319a27454a91a7cc3755eeae3f12,Spielfilm,1924,Deutschland,,,"Jacek Rotmil, Willi Depenau",,"Lee Parry: Lucia Sarlo, Livio C. Pavanelli: Henry Garrick, ein englischer Offizier, Olaf Fjord: Fred Holm, sein Neffe und Pflegesohn, Chefredakteur, Inge Colette: Bob, sein Söhnchen, Mary Parker: Lilian Mervil, eine junge Dame, Georg Alexander: Mario Sarlo, ihr Freund, ein junger Maler, Henry Bender: Robin Cray, Maler",,,,"Helmuth Ortmann, Hans Behrendt",,,,,"Heinrich Gärtner, Erich Grimmler",,Benno von Arent,,,,,,,,Eichberg-Film Gmb: H (Berlin),,Richard Eichberg,Richard Eichberg,,,,,,,,Hugo Bettauer (Nach einem Roman von),Südfilm AG (Berlin),6 Akte,"35mm, 1:1 ,33",s/w,,
Der Schrecken des Meeres,https://www.filmportal.de/film/der-schrecken-des-meeres_e1b5bfb5e9cf4f1f9c25519ea3590388,Spielfilm,1924,Deutschland,,,Max Heilbronner,,"Carl de Vogt, Helena Makowska, Lilian Gray, Jack Mylong-Münz, Claire Lotto, Irma Socha, Georg Heinrich Schnell",,,,Jack Mylong-Münz,,,,,Franz Koch,,,,,,,,,,,,,Franz Osten,,,,,,,,,,,,,,
Der Schrei in der Wüste,https://www.filmportal.de/film/der-schrei-in-der-wueste_298e4028bd6f48a9b966ad3422b5a7c8,Spielfilm,1924,Deutschland,,,Willy Reiber,,"Joe Stöckel: Marcco, Victor Colani: Hal Milton, Karl Falkenberg: Jack Murray, Robert Basilice: Dompteur, Ferdinand Martini: Zirkusdirektor",,,,,,,,,Karl Attenberger,,,,,,,,,,,,,Joe Stöckel,,,,,,,,,,,,,,
Die Schuld,https://www.filmportal.de/film/die-schuld_da66717f95884a9db49cdfe7fc6667a6,Spielfilm,1924,Deutschland,,,Karl Machus,,"Claire Lotto, Albert Steinrück, Claire Stöckel, Anita Banet, Karl Ludwig Diehl, Ernst Schrumpf, Rolf Pinegger, Emil Courten, Anni Zesch-Ballot",,,,Robert Heymann,,,,,Franz Weihmayr,,,,,,,,,,,,,Josef Berger,,,,,,,,,,,,,,
Sklaven der Liebe,https://www.filmportal.de/film/sklaven-der-liebe_8844684a07784398b73453db0afc254e,Spielfilm,1924,Deutschland,,,"Otto Voelckers, Peter Rochelsberg",,"Claire Lotto, Olga Engl, Clementine Plessner, Albert Steinrück, Charles Willy Kayser, Karl Falkenberg, Ludwig Rex, Ellen Kürty, Leopold von Ledebur, Emil Höfer, Julius Stettner, Julius Stetter",,,,"Margarete M. Langen, Carl Boese",,,,,"Hans Karl Gottschalk, Franz Bertl Seyr",,Leo Pasetti (Entwürfe),,,,,,,,,,,Carl Boese,,,,,,,,,,"5 Akte, 1937 m",,stumm,,"Zensur (DE): 04.06.1924, M.00555, Jugendverbot"
So ist das Leben,https://www.filmportal.de/film/so-ist-das-leben_554670798a204ee48b9dbd4c84f3b7b5,Spielfilm,1924,Deutschland,,,Karl Machus,,"Erna Morena: Isabell Godesholm, Margit Barnay: Eve Steven, Sekretärin, Hans Adalbert Schlettow: Erwin Frobenius, Robert Scholz: Olaf Godesholm, ein reicher Sonderling, Höfler-Basil: Hüttenbesitzer Eugen Romasen, Fritz Greiner: Peter Stollen, Chauffeur, Lotte Treumann: Margit, Peter Stollens Freundin, Ferdinand Martini",,,,Robert Heymann,,,,,Rudolf Schlesinger,,,,,,,,,,,,,Otto Rippert,,,,,,,,,,,,,,
Soll und Haben,https://www.filmportal.de/film/soll-und-haben_54b50d3a693247c89d742d53f4b190b6,Spielfilm,1924,Deutschland,,,Robert A. Dietrich,,"Bruno Kastner: Fritz von Fink, Paul Graetz: Veitel Itzig, Theodor Loos: Freiherr von Rothensattel, Robert Garrison: Makler Hirsch Ehrenthal, Olga Tschechowa: Sabine, Hans Brausewetter: Anton Wohlfahrt, Mady Christians: Baroneß Leonore vin Rothensattel, Gertrud de Lalsky: Baronin von Rothsattel, Ilka Grüning: Madame Sidonie Ehrenthal, Heinrich George: Hippus, Winkeladvokat, Aenne Röttgen: Rosalie, Ernst Deutsch: Bernhard, Margarete Kupfer: Tante, Berthold RoséJordan, Kanzlist, Max Zilzer: Liebold, Buchhalter, Hans Mierendorff: T. O. Schröter, vornehmer Herr, Gustav Trautschold: Purzel, Kassierer, Hermann Picha: Pix, Signierer, Karl Harbacher: Specht, Theo Siegmund: Baumann, Karl Fenz: Birnbaum, Zollkommis, Karl Etlinger: Balbus, Magazineur, Hugo Döblin: Löbel Pinkus, Wirt, Ellen Plessow: Frau von Baldereck, Lissi Kazar: Eugenie, ihre Tochter, Fritz Sattler: Schmaje Tinkeles, Karl Platen: Diener des Barons",,,,"Karl Figdor, Carl Wilhelm",,,,,Sophus Wangøe,,Ali Hubert,,,,,,,,Carwil-Film Gmbh (Berlin),,,Carl Wilhelm,,,,,,,,Gustav Freytag (Roman),,,,,,
"Sonja, Sonja, Du bist mein Glück",https://www.filmportal.de/film/sonja-sonja-du-bist-mein-glueck_1c990788650c4abe96acb9d286d04052,Spielfilm,1924,Deutschland,,,,,,,,,,,,,,,,,,,,,,,,,,,Paul Ludwig Stein,,,,,,,,,,,,,,
Das sonnige Märchen vom Glück,https://www.filmportal.de/film/das-sonnige-maerchen-vom-glueck_52209c429e494b668f402726762ac48b,Spielfilm,1924,Deutschland,,,,,"Leo Leux: Kommerzienrat Holmes, Fabrikant, Hela Marco: Helene, dessen Tochter, Alfred Braun: Dr. Ing. Waldemar Hassenstein, Karl Geppert: Theobald Pipe, Luftschiffer, Tilly Feiner: Charlotte Renief, Zirkusreiterin, Maria Grimm-Einödshofer, Walter Herling: Edi, deren Sohn, Lotte Anders: Resl, Magd",,,,"M. Linhart, Karl Geppert (Bearbeitung)",,,,,Toni Mülleneisen,,,,,,,,,,,,,Otto Arnold,,,,,,,,,,,,,,
Spanische Gluten,https://www.filmportal.de/film/spanische-gluten_4180e6baacbc462f8f3dc8775987dae1,Spielfilm,1924,Deutschland,,,Botho Höfer,,"Elvira Amaya, Maria Cuevas: Teresita, Wilhelm Diegelmann: Don Alejandro Romero, Javier de Rivera: José, sein Sohn, Dary Holm: Helene, dessen Frau, Harry Hardt: Fernandez",,,,Joseph Delmont,,,,,Raymond Agnel,,,,,,,,,,,,,Arthur Günsburg,,,,,,,,,,,,,,
Das Spiel mit dem Schicksal,https://www.filmportal.de/film/das-spiel-mit-dem-schicksal_7e354c4f52574a4eb26cfc46f85d91be,Spielfilm,1924,Deutschland,,,Robert A. Dietrich,,"Alfred Abel: Albert Unna, Sascha Gura: Eva Loray, Schauspielerin, Olga Engl: Alberts Mutter, Claire Rommer: Elena, Margarete Kupfer: Mittenzweys Freundin, Charles Willy Kayser: Friedrich Bessel, Fritz Schulz: Heinrich Höther, Rudolf Lettinger: Ortsgeistlicher, Jakob Tiedtke: Redakteur Mittenzwey, Frida Richard: Dessen Frau, Vera Skidelsky: Beider Tochter, Leopold von Ledebur: Theaterdirektor, Hermann Picha: Jerusalem, Fritz Beckmann, Paul Rehkopf",,,,Paul Beyer,,,,,Marius Holdt,,,,,,,,,,Berliner Film-AG (Berlin),,,Siegfried Philippi,,,,,,,,Paul Frank (Roman),,"6 Akte, 1931 m","35mm, 1:1,33","s/w, stumm",,
Die sterbende Erde,https://www.filmportal.de/film/die-sterbende-erde_d4b7f585d5f54de6ba55ffd61db5fe1f,Spielfilm,1924,Deutschland,,,Gustav A. Knauer,,"Artur Retzbach-Erasiny: Salvati, Frank Lynel: Malori, Thea Becker: Sylvia, Josef Peterhans: Hindrich, Fischer, Vera Hall: Tydell, Friedrich Kühneein alter Geolit",,,,Vera Hall,,,,,"Siegfried Hold, Toni Mülleneisen",,Ernst Meiwers,,,,,,,,,,,Hubert Moest,,,,,,,,,,,,,,
Steuerlos,https://www.filmportal.de/film/steuerlos_b5a236b73f484fe18daa6d1e26261ca2,Spielfilm,1924,Deutschland,,,Fritz Kraencke,,"Maria Jacobini, Rosa Valetti, Charles Willy Kayser, Heinrich George, Olga Engl, Karl Platen, Philipp Manning, Clementine Plessner, Joseph Kustendi, Victor Senger",,,,"Gennaro Righelli, Nunzio Malasomma",,,,,"Arpad Viragh, Julius Reinwald",,,,,,,,,,,,,Gennaro Righelli,,,,,,,,,,"6 Akte, 2468 m",,,,
Die Stimme des Herzens,https://www.filmportal.de/film/die-stimme-des-herzens_83edf512dc1f4b00a5655b2ce7404ce7,Spielfilm,1924,Deutschland,,,"Franz Schroedter, Hans Flemming (Assistenz)",,"Mary Johnson: Helga Pettersen, Meinhardt Maurihr Vater, Wilhelm Kaiser-Heyl: Tompson, Reeder, Gräfin Agnes Esterhazy: Ebba, seine Tochter, Mario Cusmich: Viktor Lindquist, Olaf Storm: Harald Nielsen, Sekretär bei Tomsohn, Fritz Kampers: Arne Mikkelsen, Jenny Marbaseine Mutter, Louis Ralph: Carle, Arnes Freund, Margarete Kupfer: Nachbarin, Einar Rød: Dr. Axel Wyborg, Arzt, Clementine Plessner, Hans Brausewetter",,,,"Max Jungk, Julius Urgiß",,,,,"Axel Graatkjær, Hans Scheib",,,,,,Willy Schmidt-Gentner,,,,,,,Hanns Schwarz,,,,,Karl Lindner,,,,,,"35mm, 1:1,33","s/w, stumm",,
Der Sturz ins Glück,https://www.filmportal.de/film/der-sturz-ins-glueck_50ff6a244e1c48f8ba3d64b48d611ef3,Spielfilm,1924,Deutschland,,,Botho Höfer,,"Barbara von Annenkoff, Hanni Reinwald, Werner Schott, Hans Sternberg",,,,"Max Jungk, Julius Urgiß",,,,,Willibald Gaebel,,,,,,,,,,,,,Adolf Edgar Licho,,,,,,,,,,,,,,
Sylvester,https://www.filmportal.de/film/sylvester_47d75fe51f5146a4b7adb6cebc485c7c,Spielfilm,1924,Deutschland,,,Klaus Richter,,"Edith Posca: Die Frau, Eugen Klöpfer: Der Mann, Frida Richard: Die Mutter, Karl Harbacher, Julius E. Herrmann, Rudolf Blümner",,,,Carl Mayer,,,,,"Karl Hasselmann (Innen), Guido Seeber (Straßen)",,,,,,Klaus Pringsheim (Kino-Musik),,,,Rex-Film AG (Berlin),,,Lupu Pick,,,Luise Heilborn-Körbitz (Mitarbeit),,,,,,,,"35mm, 1:1,33","s/w, stumm",,
Taras Bulba,https://www.filmportal.de/film/taras-bulba_07651998707f4bc28bd360aabc975ca3,Spielfilm,1924,Deutschland,,,"Willy Reiber, Kurt Dürnhöfer",,"I. E. Davan-Torzoff: Taras Bulba, Helena Makowska: Panotschka, Ossip Runitsch: Ostap, Sohn des Taras Bulba, Clementine Plessner: Bulbas Frau, Oskar Marion: Antry, Sohn des Taras Bulba, N. N. Novitzky: Woiwode, Alexander S. Polonsky: Jankel, Wirt, Lia Tschung Tsching: Dienerin, August Junker, Rudolf Raab",,,,Vladimir Striževskij,,,,,"Rudolf Schlesinger, Fritz Biller",,"Willi Ernst, Kostümhaus Willi Ernst (Berlin), F. & A. Diringer (München)",,,,Felix Bartsch (Kino-Musik),,,,Ermolieff-Film Gmb: H (München),,,Vladimir Striževskij,Joseph N. Ermolieff,,,,,,,Nikolaj Gogol' (Roman),,,,,,
"Thamar, das Kind der Berge",https://www.filmportal.de/film/thamar-das-kind-der-berge_912507bfe5de4ae6a097370464797cf2,Spielfilm,1924,Deutschland,,,Willi A. Herrmann,,"Paul Otto: Graf Daniloff, Lya de Putti: Thamar, Graf Daniloffs Schwester, Alfred Haase: Graf Menschikeff, Anton Pointner: Frank Bondy, Ingenieur, Harry Hardt: Taegar, Ingenieur, Sylvia Torff: Minka, Alfred Kern: Diener",,,,"Curt J. Braun, Rolf E. Vanloo",,,,,Sophus Wangøe,,,,,,Willy Schmidt-Gentner (Kino-Musik),,,,Phoebus-Film AG (Berlin),,,Robert Dinesen,,,,,,,,,,,"35mm, 1:1,33","s/w, Ohne Ton",,
Tiefen der Großstadt,https://www.filmportal.de/film/tiefen-der-grossstadt_7ba13ee9106049e0884ddb5cb6ff52ab,Spielfilm,1924,Deutschland,,,Kurt Dürnhöfer,,"Olga Juschakowa, Oskar Marion, Alexander S. Polonsky",,,,Vladimir Striževskij,,,,,Fritz Biller,,,,,,,,,,,,,Vladimir Striževskij,,,,,,,,,,,,,,
Die Todgeweihten,https://www.filmportal.de/film/die-todgeweihten_8dc29805df904312866025a2c13346fd,Spielfilm,1924,Deutschland,,,"Artur Günther, Eugen Illés (Technische Entwüfe)",,"Bernd Aldorder Großindustrielle Artur Rhys, Sascha Guraseine Schwester Gladys, Erich Kaiser-Titz: Ingenieur Ohlson, Arthur Kraußneck: Mathematiker Robin, Maria Zelenkaseine Tochter Renate, Eugen Rex: Prinz d’Orlando, Jaro Fürthder Abgeordnete Korell, Franz Schönfeld: Kriegsminister",,,,Eugen Illés,,,,,Franz Stein,,,,,,,,,,,,,Eugen Illés,,,,,,,,,,,,,,
Die Tragödie der Entehrten,https://www.filmportal.de/film/die-tragoedie-der-entehrten_855daba9e2f1409caf33dbd989e49a78,Spielfilm,1924,Deutschland,,,Karl Machus,,"Claire Lotto, Albert Steinrück, Clementine Plessner, Jack Mylong-Münz, Walter Lantzsch, Julius Stettner, Lotte Treumann, Karl Ludwig Diehl",,,,Robert Heymann,,,,,Arthur von Schwertführer,,,,,,,,,,,,,Josef Berger,,,,,,,,,,,,,,
Die Tragödie einer alternden Frau,https://www.filmportal.de/film/die-tragoedie-einer-alternden-frau_46bca38711d14d92b71cd6d8ebafafd6,Spielfilm,1924,Deutschland,,,,,,,,,,,,,,,,,,,,,,,,,,,,,,,,,,,,,,,,,
Die Tragödie eines Staatsanwalts,https://www.filmportal.de/film/die-tragoedie-eines-staatsanwalts_140e10eaa9e345ce98f5c574f5449a9f,Spielfilm,1924,Deutschland,,,Karl Machus,,"Margit Piller, Lilo Baum: Kind, Anny Frey, Rudolf Basil, Ernst Schrumpf, Josef Berger, Lausch?, Cäsar Beck, Kurt Pfeiffer",,,,Josef Berger,,,,,Karl Attenberger,,,,,,,,,,,,,Josef Berger,,,,,,,,,,,,,,
Tragödie im Hause Habsburg,https://www.filmportal.de/film/tragoedie-im-hause-habsburg_0aa02df9daf9434bb2082a4b1ced2208,Spielfilm,1924,Deutschland,,,"Heinrich Richter, Hans Flemming",,"Maria Korda, Kálmán Zátony, Emil Fenyvessy, Mathilde Sussin, Friedrich Kayßler, Werner Schott, Jakob Tiedtke, Ferdinand von Alten, Louis Ralph, Arthur Bergen, Hans Brausewetter",,,,Lajos Biró,,,,,Akos Farkas,,,,,,,,,,Korda-Film Gmb: H (Berlin),,,Alexander Korda,,,,,,,,,,,"35mm, 1:1,33","s/w, stumm",,
Ein Traum ein Leben,https://www.filmportal.de/film/ein-traum-ein-leben_d504c7847f9d4687ad8bb48d549a8800,Spielfilm,1924,Deutschland,,,,,"Ada van Roon: Die schwarze Christa, Die Lust, Hanni Reinwald: Gera, Die Freude, Grete Reinwald: Lucie, Die Liebe, Ludwig Rex: Lucas von Lutovice, Erner Hübsch: Der gelahrte Medici Dr. Claudi, Alexander von Antalffy: Marcus von Ludovice",,,,Gernot Bock-Stieber,,,,,,,,,,,,,,,,,,Gernot Bock-Stieber,,,,,,,,,,,,,,
Ein Traum vom Glück,https://www.filmportal.de/film/ein-traum-vom-glueck_705bc0aee02b48bd983d5bcc0df1ef3e,Spielfilm,1924,Deutschland,,,Stefan Lhotka,,"Harry Liedtke, Ferdinand von Alten, Uschi Elleot, Gräfin Agnes Esterhazy, Fritz Kampers, Harry Hardt, Camilla von Hollay, Claire Rommer, Max Kronert, Hans Junkermann, Jakob Tiedtke",,,,Bobby E. Lüthge,,,,,"Frederik Fuglsang, Hans Scheib",,,,,,,,,,,,,Paul Ludwig Stein,,,,,Walter Lichtenstein,,,,,,,,,
Übers Meer gehetzt,https://www.filmportal.de/film/uebers-meer-gehetzt_71b8d4cc38a34718b946c1e4ee02c673,Spielfilm,1924,Deutschland,,,Gustav A. Knauer,,"Vera Polly: Ayesha Carter, Margarete Lanner: Gaby Milton, reiche Amerikanerin, Rio Nobile, Herbert Stranz: Ben Tompson, Julius Mézsarôs: Oliver Tompson, Kurt Hallenstein: Juan, Steuermann, Willi Halm: Kapitän Carter, Siegfried Tittert: Aja, Waisenkind",,,,Curt J. Braun,,,,,Otto Kanturek,,,,,,,,,,Stranz-Film Gmb: H (Berlin),,,Fred Stranz,,,,,,,,,,,,,,
Um eine Million,https://www.filmportal.de/film/um-eine-million_1f9467423e204d2695991754835037c8,Spielfilm,1924,Deutschland,,,,,"Harry Hardt, Dary Holm, Wilhelm Diegelmann, Betty Ross Clark, Madge Stuart, Lewis Dayton",,,,Joseph Delmont,,,,,,,,,,,,,,,,,,"Arthur Günsburg, Joseph Delmont",,,,,,,,,,,,,,
Verkrachte Existenzen,https://www.filmportal.de/film/verkrachte-existenzen_0d68358da2d342bab375b4830f4f1525,Spielfilm,1924,Deutschland,,,Siegfried Wroblewsky,,"Lina Carstens, Alfred Schlageter, Margit Barnay",,,,Walter Nehmer,,,,,Paul Hummel,,,,,,,,,,,,,Edmund Linke,,,,,,,,,,"6 Akte, 2056 m",,stumm,,"Zensur (DE): 14.10.1924, O.00449 (O.00454), Verbot"
Die vertagte Hochzeitsnacht,https://www.filmportal.de/film/die-vertagte-hochzeitsnacht_d33a3de035a94962a7bd15f984b4f039,Spielfilm,1924,Deutschland,,,,,Claire Kronburger,,,,,,,,,Franz Weihmayr,,,,,,,,,,,,,Josef Berger,,,,,,,,,,,,,,
Die vier Ehen des Matthias Merenus,https://www.filmportal.de/film/die-vier-ehen-des-matthias-merenus_28d9220275234df49b58c77ce8942c80,Spielfilm,1924,Deutschland,,,,,"Grete Reinwald, Hans Unterkircher, Margarete Kupfer, Rudolf Biebrach, Leonhard Haskel, Ernst Hofmann",,,,Ruth Goetz,,,,,,,,,,,,,,,,,,Werner Funck,,,,,,,,,,,,,,
Die vier letzten Sekunden des Quidam Uhl,https://www.filmportal.de/film/die-vier-letzten-sekunden-des-quidam-uhl_d525c07e27ce48a18f820c1ecdb838f7,Spielfilm,1924,Deutschland,,,,,"Carl de Vogt, Helena Makowska, Jack Mylong-Münz, Claire Kronburger, Karl Falkenberg",,,,,,,,,,,,,,,,,,,,,,Robert Reinert,,,,,,,,,,,,,,
Vitus Thavons Generalcoup,https://www.filmportal.de/film/vitus-thavons-generalcoup_47612538759d4719a2875d57e0c9f990,Spielfilm,1924,Deutschland,,,"Hans Sohnle, Otto Erdmann",,"Olaf Fjord, Camilla von Hollay, Kläre Grieger, Sabri Mahir, Eugen Rex, Frida Richard, Karl Platen, Otto Kronburger, Ernst Rückert, Hugo Flink, Hans Junkermann, Hermann Vallentin",,,,"Ernst Klein, Hermann Fellner, Margarete Lindau-Schulz",,,,,"Erich Waschneck, Friedl Behn-Grund",,,,,,,,,,Björnstadt-Justitz-Film Comp. (Berlin),,Emil Justitz,Emil Justitz,,,,,,,,"Ernst Klein (Roman ""Der gestohlene Professor"")",,"6 Akte, 2892 m",,stumm,,"Zensur (DE): 24.06.1924, B.08638, Jugendverbot"
Das Wachsfigurenkabinett,https://www.filmportal.de/film/das-wachsfigurenkabinett_b94f006cb8444654bcbae07115e010f2,Spielfilm,1924,Deutschland,Arthur Kiekebusch,,Paul Leni,,"Emil Jannings: Harun al Raschid, Conrad Veidt: Iwan der Schreckliche, Werner KraußJack the Ripper, Wilhelm Dieterle: Dichter / Pastetenbäcker Assad / Russischer Fürst, Olga Belajeff: Eva / Maimune / Bojarin, John Gottowt: Inhaber des Panoptikums, Paul Biensfeldt: Wesir, Ernst Legal, Georg John",,Leo Birinski,,Henrik Galeen,,,,,Helmar Lerski,,Ernst Stern,,,,,,,,Neptun-Film AG (Berlin),Alexander Kwartiroff,,"Leo Birinski (Spielleitung), Paul Leni",Wilhelm Dieterle,Paul Dannenberg,,,Hans Lechner,,,,Universum-Film AG (UFA) (Berlin),"4 Akte, 2139 m","35mm, 1:1,33","s/w, ohne Ton",,
Weißt Du noch...? (Der Spielmann. 2. Teil),https://www.filmportal.de/film/weisst-du-noch-der-spielmann-2-teil_1f9cf1bceef446868820c55d9bcc0ebe,Spielfilm,1924,Deutschland,,,,,"Uschi Elleot: Rose Redbacher, Gustav Adolf Semler: Herbert Holdburg, Generalmusikdirektor, Olga Limburg: Alice, seine Frau, Viktor Schwanneke: Ferdinand Winkelmann, Theaterdirektor, Franz Rauch: Antonius Zackel, Schauspieler, Hans Junkermann: Siegfried Brachmann, Impresario, Hans Sternberg: August Schulze, Gasthofbesitzer",,,,"Karl Otto Krause, Franz Rauch",,,,,Marius Holdt,,,,,,,,,,Karl Otto Krause-Film (Berlin),,,Karl Otto Krause,,,,,,,,,,,,,,
Wenn Männer schweigen,https://www.filmportal.de/film/wenn-maenner-schweigen_db1c023144f44531ab0850f062bef02c,Spielfilm,1924,Deutschland,,,,,"Heinrich Butscher: Michael, Graf von Bellau, Gerichtspräsident, Grete Lundt: Renate, dessen Gemahlin, Josef Reithofer: Philipp von Martens, Sekretär des deutschen Konsul, Irene Kraus: Stephanie von Oran, seine Schwester, Lilli Lohrer: Beatrix, Baronesse Felsen, ihr Bruder, Fritz Hofer: Viktor, Baron Felsen, ihr Bruder, Jaro Fürth: Dr. Benno Landy, Fritz Kortner: Mathias Eger, Forsthüter, Thilde Baschny: Hedwig, seine Frau",,,,,,,,,,,,,,,,,,,,,,,,,,,,,,,,,,,,
Windstärke 9. Die Geschichte einer reichen Erbin,https://www.filmportal.de/film/windstaerke-9-die-geschichte-einer-reichen-erbin_dee226e3eb884f02b9d5096195dc39b7,Spielfilm,1924,Deutschland,,,Franz Schroedter,,"Maria Kamradek: Mabel Samson, Alwin NeußFlanaga, ihr Vetter, Albert Bennefeld, Harry Halm, Adolf Klein, Rudolf Lettinger",,,,,,,,,Kurt Stanke,,,,,,,,,,Cserépy-Film Co. Gmb: H (Berlin),,,Reinhold Schünzel,,,,,,,,,,,"35mm, 1:1,33","s/w, stumm",,
Winterstürme,https://www.filmportal.de/film/winterstuerme_6031d2df06cd42b78e107e93d3d50f3c,Spielfilm,1924,Deutschland,,,Roberto Jentschura,,"Carla Collin, Carl Auen, Hans Adalbert Schlettow, Lilian Robs, Jean Blatzheim",,,,Roberto Jentschura,,,,,Otto Kanturek,,,,,,,,,,"Eulag, Europäische Lichtbild-AG (Breslau)",,,Otto Rippert,,,,,,,,,,,,,,
Die wunderlichen Geschichten des Theodor Huber,https://www.filmportal.de/film/die-wunderlichen-geschichten-des-theodor-huber_2dfba6152e384ea1a82f8b9644e516e9,Spielfilm,1924,Deutschland,,,Ferdinand Bellan,,"Maria Matray, Ernst Mátray, Otto Reinwald, Theo Siegmund",,,,,,,,,Georg Schubert,,,,,,,,,,Internationale Film-AG (Ifa) (Berlin),,,Richard Löwenbein,,,,,,,,,,,,,,
Zalamort,https://www.filmportal.de/film/zalamort_73e3655d61fe4825b28e0b731c5e8ed9,Spielfilm,1924,Deutschland,,,,,"Emilio Ghione: Maler Prof. Antonio Butty / Zalamort, Kally Sambucini: Maja, seine Frau / Zalavie, Fern Andra: Schauspielerin Perla Cristal / Prinzessin Perla, Magnus Stifter: Bildhauer Prof. Rudens / König Jaromir der Finstere, Henry Sze: Geheimsekretär Hatsuma, Ernst Rückert: Der verbannte Prinz, Robert Scholz",,,,Emilio Ghione,,,,,"Eugen Hamm, Franz Stein",,,,,,,,,,F.A.J.-Film,,,Emilio Ghione,,,,,,,,,,"6 Akte, 1979 m","35mm, 1:1,33",s/w,,"Zensur (DE): 03.04.1924, B.08303, Jugendverbot"
Zalamort. Der Traum der Zalavie I. Teil,https://www.filmportal.de/film/zalamort-der-traum-der-zalavie-i-teil_b32bbee37dba4f12b5679e9895061db9,Spielfilm,1924,Deutschland,,,,,"Fern Andra: Schauspielerin Perla Cristal / Prinzessin Perla, Magnus Stifter: Bildhauer Prof. Rudens / König Jaromir der Finstere, Emilio Ghione: Maler Prof. Antonio Butty / Zalamort, Kally Sambucini: Maja / Zalavie, Henry Sze: Geheimsekretär Hatsuma, Ernst Rückert: Der verbannte Prinz, Robert Scholz",,,,Emilio Ghione,,,,,"Eugen Hamm, Franz Stein",,,,,,,,,,F.A.J.-Film,,,Emilio Ghione,,,,,,,,,,"6 Akte, 1807 m","35mm, 1:1,33",s/w,,
Zalamort. Der Traum der Zalavie II. Teil,https://www.filmportal.de/film/zalamort-der-traum-der-zalavie-ii-teil_5b46f838eda74a2286aebdb2455407e2,Spielfilm,1924,Deutschland,,,,,"Fern Andra: Schauspielerin Perla Cristal / Prinzessin Perla, Magnus Stifter: Bildhauer Prof. Rudens / König Jaromir der Finstere, Emilio Ghione: Maler Prof. Antonio Butty / Zalamort, Kally Sambucini: Maja / Zalavie, Henry Sze: Geheimsekretär Hatsuma, Ernst Rückert: Der verbannte Prinz, Robert Scholz",,,,Emilio Ghione,,,,,"Eugen Hamm, Franz Stein",,,,,,,,,,F.A.J.-Film,,,Emilio Ghione,,,,,,,,,,"6 Akte, 1439 m","35mm, 1:1,33",s/w,,
Die Zirkusdiva,https://www.filmportal.de/film/die-zirkusdiva_9bf82ed110444ef4be260d93f4ac2389,Spielfilm,1924,Deutschland,,,,,"Anita Berber: Manja, Tänzerin, Helena Makowska: Signorina Frasini, Sängerin, Eduard von Winterstein, Charles Willy Kayser: Charles Bennoit, Ernst Hofmann: Fred",,,,,,,,,,,,,,,,,,,William Kahn-Film Gmb: H (Berlin),,,William Kahn,,,,,,,,,,,,,,
Zwei Kinder,https://www.filmportal.de/film/zwei-kinder_4bc26067bc4c4a438055506f76ce3146,Spielfilm,1924,Deutschland,,,Karl Machus,,"Alexander Murski: Knut Alsen, Reeder und Großindustrieller, Olga Belajeff: Margarete, seine Frau, Waldemar Pottier: Harald, Suzanne Marville: Emilie Thorhild, Choristin, Loni Nest: Christa, deren Töchterchen, Fritz Greiner: Niels, Chorist, Luise Hohorst: Sophie, Nachbarin, Hans Schweikart: Peder Ovestad, Hilfslehrer, Rudolf Basil: Dr. Ralph Krüger, Haralds Erzieher",,,,Wilhelm Thiele,,,,,Curt Courant,,,,,,,,,,,,,Richard Clement Hilber,,,,,,,,,,,"35mm, 1:1,33","s/w, stumm",,
Zwischen Morgen und Morgen,https://www.filmportal.de/film/zwischen-morgen-und-morgen_4b83b8ef73c44274b73321ef0c82e73e,Spielfilm,1924,Deutschland,,,,,,,,,,,,,,,,,,,,,,,,,,,Friedrich von Maydell,,,,,,,,,,,"35mm, 1:1.33","s/w, stumm",,
